symbol,side,order_type,time_in_force,original_quantity,price,average_price,order_status,order_last_filled_quantity,order_filled_accumulated_quantity,order_trade_time,usd_size
AEVO,SELL,LIMIT,IOC,5574.5,0.1180000,0.1199000,FILLED,5574.5,5574.5,1752833843548,657.7909999999999
C,SELL,LIMIT,IOC,4365,0.4633600,0.4676209,FILLED,116,4365,1752833848206,2022.5664
WIF,SELL,LIMIT,IOC,2134.8,1.0730000,1.0842000,FILLED,727.4,2134.8,1752833854582,2290.6404
C,BUY,LIMIT,IOC,1693,0.4801300,0.4740307,FILLED,496,1693,1752833861058,812.86009
C,BUY,LIMIT,IOC,128,0.4807300,0.4703079,FILLED,81,128,1752833863319,61.53344
XMR,SELL,LIMIT,IOC,4.404,329.53,332.65,FILLED,0.996,4.404,1752833863362,1451.25012
C,SELL,LIMIT,IOC,800,0.4601000,0.4637863,FILLED,28,800,1752833884607,368.08
ERA,BUY,LIMIT,IOC,13,1.4761000,1.4630000,FILLED,13,13,1752833885093,19.1893
ERA,BUY,LIMIT,IOC,91,1.4771000,1.4636000,FILLED,91,91,1752833886197,134.4161
C,SELL,LIMIT,IOC,136,0.4592800,0.4660300,FILLED,136,136,1752833886224,62.46208
1000SHIB,SELL,LIMIT,IOC,1042926,0.014837,0.014927,FILLED,158237,1042926,1752833893167,15473.893062
ERA,BUY,LIMIT,IOC,237,1.4788000,1.4645000,FILLED,237,237,1752833893213,350.4756
C,SELL,LIMIT,IOC,830,0.4572100,0.4635494,FILLED,80,830,1752833894441,379.4843
XRP,SELL,LIMIT,IOC,180.3,3.4105,3.4275,FILLED,180.3,180.3,1752833896250,614.91315
1000SHIB,SELL,LIMIT,IOC,1948,0.014833,0.014927,FILLED,1948,1948,1752833896567,28.894684
XRPUSDC,SELL,LIMIT,IOC,1256.7,3.4125,3.4292,FILLED,750.4,1256.7,1752833896700,4288.48875
TAC,BUY,LIMIT,IOC,449461,0.0190300,0.0189140,FILLED,9174,449461,1752833897572,8553.24283
C,SELL,LIMIT,IOC,4404,0.4570000,0.4623675,FILLED,409,4404,1752833898455,2012.6280000000002
TAC,BUY,LIMIT,IOC,5046,0.0190700,0.0189700,FILLED,4410,5046,1752833899056,96.22722
XRP,SELL,LIMIT,IOC,107.8,3.4095,3.4241,FILLED,107.8,107.8,1752833899184,367.5441
C,SELL,LIMIT,IOC,58,0.4557300,0.4622200,FILLED,58,58,1752833899513,26.43234
HAEDAL,SELL,LIMIT,IOC,118,0.2060530,0.2090220,FILLED,118,118,1752833900279,24.314254
BERA,SELL,LIMIT,IOC,2.2,2.323000,2.346000,FILLED,2.2,2.2,1752833900377,5.110600000000001
SUI,SELL,LIMIT,IOC,4921.2,3.995900,4.036000,FILLED,4530.2,4921.2,1752833900672,19664.623079999998
XRP,SELL,LIMIT,IOC,1.8,3.4070,3.4239,FILLED,1.8,1.8,1752833900918,6.1326
IO,SELL,LIMIT,IOC,2333.1,0.8404000,0.8491675,FILLED,216.1,2333.1,1752833901124,1960.73724
C,SELL,LIMIT,IOC,2786,0.4552900,0.4610699,FILLED,456,2786,1752833901491,1268.43794
HAEDAL,SELL,LIMIT,IOC,165,0.2060010,0.2090850,FILLED,146,165,1752833901510,33.990165
C,SELL,LIMIT,IOC,341,0.4549500,0.4608152,FILLED,170,341,1752833902572,155.13795000000002
C,SELL,LIMIT,IOC,831,0.4543000,0.4607900,FILLED,831,831,1752833903586,377.5233
1000SHIB,SELL,LIMIT,IOC,21008,0.014821,0.014919,FILLED,21008,21008,1752833904165,311.359568
ICNT,BUY,LIMIT,IOC,288,0.2643000,0.2609000,FILLED,288,288,1752833909400,76.1184
XRP,SELL,LIMIT,IOC,6948.0,3.4066,3.4230,FILLED,764.2,6948.0,1752833912064,23669.056800000002
ETH,SELL,LIMIT,IOC,0.016,3597.75,3611.00,FILLED,0.016,0.016,1752833912093,57.564
TAC,BUY,LIMIT,IOC,42574,0.0191900,0.0190063,FILLED,27166,42574,1752833912459,816.99506
SOL,SELL,LIMIT,IOC,64.55,178.1100,178.9300,FILLED,45.66,64.55,1752833912520,11497.0005
XRP,SELL,LIMIT,IOC,2625.6,3.4061,3.4216,FILLED,833.5,2625.6,1752833913441,8943.05616
TAC,BUY,LIMIT,IOC,64710,0.0192400,0.0190115,FILLED,223,64710,1752833913512,1245.0204
SOL,SELL,LIMIT,IOC,4.72,178.1000,178.9000,FILLED,4.72,4.72,1752833913556,840.632
FARTCOIN,SELL,LIMIT,IOC,3250.8,1.4374000,1.4505940,FILLED,658.4,3250.8,1752833913729,4672.69992
1000SHIB,SELL,LIMIT,IOC,112435,0.014820,0.014902,FILLED,8397,112435,1752833913771,1666.2866999999999
1000PEPE,SELL,LIMIT,IOC,1215,0.0135010,0.0135851,FILLED,1215,1215,1752833914051,16.403715000000002
DOGE,SELL,LIMIT,IOC,1873,0.237130,0.238590,FILLED,1873,1873,1752833914131,444.14449
ETH,SELL,LIMIT,IOC,4.494,3596.56,3609.97,FILLED,4.494,4.494,1752833914146,16162.940639999999
TRUMP,SELL,LIMIT,IOC,22.02,10.245000,10.345000,FILLED,22.02,22.02,1752833914197,225.59489999999997
WIF,SELL,LIMIT,IOC,9199.1,1.0725000,1.0826452,FILLED,617.9,9199.1,1752833914230,9866.03475
1INCH,SELL,LIMIT,IOC,1323,0.3294,0.3326,FILLED,1258,1323,1752833914258,435.79620000000006
MOODENG,SELL,LIMIT,IOC,99,0.1983500,0.2002327,FILLED,72,99,1752833914326,19.63665
BTC,SELL,LIMIT,IOC,0.001,118201.40,118642.40,FILLED,0.001,0.001,1752833914477,118.20139999999999
AAVE,SELL,LIMIT,IOC,0.1,322.880,326.020,FILLED,0.1,0.1,1752833914477,32.288000000000004
XRP,SELL,LIMIT,IOC,6.0,3.4055,3.4214,FILLED,6.0,6.0,1752833914477,20.433
ADA,SELL,LIMIT,IOC,26,0.84300,0.84720,FILLED,26,26,1752833914477,21.918
TRX,SELL,LIMIT,IOC,58,0.32661,0.32867,FILLED,58,58,1752833914477,18.94338
BNB,SELL,LIMIT,IOC,0.03,733.020,736.510,FILLED,0.03,0.03,1752833914477,21.990599999999997
SOL,SELL,LIMIT,IOC,13.18,178.0300,178.8900,FILLED,13.18,13.18,1752833914591,2346.4354
WIFUSDC,SELL,LIMIT,IOC,9.3,1.0676000,1.0838000,FILLED,9.3,9.3,1752833914676,9.928680000000002
TRUMP,SELL,LIMIT,IOC,50.00,10.243000,10.342080,FILLED,32.50,50.00,1752833915213,512.15
GALA,SELL,LIMIT,IOC,25000,0.01950,0.01969,FILLED,25000,25000,1752833915213,487.5
HBAR,SELL,LIMIT,IOC,1000,0.26778,0.27043,FILLED,517,1000,1752833915213,267.78000000000003
SUI,SELL,LIMIT,IOC,300.0,3.993600,4.033300,FILLED,98.0,300.0,1752833915213,1198.08
ETHFI,SELL,LIMIT,IOC,456.4,1.3172000,1.3280008,FILLED,422.5,456.4,1752833915231,601.17008
1000PEPEUSDC,SELL,LIMIT,IOC,62234,0.0133935,0.0135801,FILLED,50302,62234,1752833915254,833.531079
1000PEPE,SELL,LIMIT,IOC,51333,0.0134985,0.0135802,FILLED,32876,51333,1752833915272,692.9185005
TAO,SELL,LIMIT,IOC,0.088,411.72,415.35,FILLED,0.075,0.088,1752833915473,36.23136
SUSHI,SELL,LIMIT,IOC,1978,0.9734,0.9817,FILLED,468,1978,1752833915521,1925.3852000000002
EIGEN,SELL,LIMIT,IOC,20.6,1.5204000,1.5356000,FILLED,20.6,20.6,1752833915584,31.320240000000002
XRPUSDC,SELL,LIMIT,IOC,5.0,3.4074,3.4228,FILLED,2.5,5.0,1752833915696,17.037
XRP,SELL,LIMIT,IOC,1.8,3.4038,3.4205,FILLED,1.8,1.8,1752833916028,6.12684
SOL,SELL,LIMIT,IOC,0.27,177.9200,178.7900,FILLED,0.24,0.27,1752833916058,48.0384
TRUMPUSDC,SELL,LIMIT,IOC,3.90,10.249000,10.349000,FILLED,2.92,3.90,1752833916059,39.9711
GRIFFAIN,SELL,LIMIT,IOC,762,0.0538400,0.0545500,FILLED,314,762,1752833916150,41.02608
SIREN,SELL,LIMIT,IOC,477,0.0512300,0.0519500,FILLED,477,477,1752833916150,24.436709999999998
WLDUSDC,SELL,LIMIT,IOC,128.4,1.1465500,1.1569751,FILLED,79.8,128.4,1752833916241,147.21702
1000PEPE,SELL,LIMIT,IOC,1208,0.0134947,0.0135776,FILLED,1208,1208,1752833916298,16.3015976
ETHFI,SELL,LIMIT,IOC,532.9,1.3154000,1.3281000,FILLED,478.6,532.9,1752833916396,700.9766599999999
NFP,SELL,LIMIT,IOC,1567.2,0.0802500,0.0813763,FILLED,470.9,1567.2,1752833916434,125.76780000000001
ETH,SELL,LIMIT,IOC,0.042,3596.43,3609.90,FILLED,0.042,0.042,1752833916434,151.05006
TRUMP,SELL,LIMIT,IOC,50.39,10.243000,10.342000,FILLED,50.39,50.39,1752833916515,516.14477
ARB,SELL,LIMIT,IOC,1521.2,0.463500,0.466100,FILLED,444.1,1521.2,1752833916553,705.0762000000001
TAO,SELL,LIMIT,IOC,8.922,411.28,415.47,FILLED,2.300,8.922,1752833916579,3669.44016
INIT,SELL,LIMIT,IOC,6686,0.4575000,0.4616953,FILLED,954,6686,1752833917143,3058.8450000000003
SIREN,SELL,LIMIT,IOC,9869,0.0512100,0.0519085,FILLED,4004,9869,1752833917349,505.39149
THE,SELL,LIMIT,IOC,169.1,0.3910000,0.4113000,FILLED,169.1,169.1,1752833917591,66.1181
C,SELL,LIMIT,IOC,347,0.4535600,0.4561100,FILLED,32,347,1752833918063,157.38532
SOL,SELL,LIMIT,IOC,20.57,177.8600,178.7500,FILLED,20.57,20.57,1752833918235,3658.5802000000003
WLD,SELL,LIMIT,IOC,280,1.1450000,1.1569000,FILLED,280,280,1752833918236,320.6
1000SHIB,SELL,LIMIT,IOC,186425,0.014808,0.014905,FILLED,186425,186425,1752833918310,2760.5814
FARTCOIN,SELL,LIMIT,IOC,98.9,1.4360000,1.4503000,FILLED,98.9,98.9,1752833918323,142.0204
RSR,SELL,LIMIT,IOC,614464,0.009246,0.009341,FILLED,117406,614464,1752833918579,5681.334144
PNUT,SELL,LIMIT,IOC,6466,0.2924000,0.2954560,FILLED,208,6466,1752833918601,1890.6584
XRP,SELL,LIMIT,IOC,433.0,3.4030,3.4213,FILLED,433.0,433.0,1752833918601,1473.499
F,BUY,LIMIT,IOC,1384,0.0088244,0.0086910,FILLED,1384,1384,1752833918837,12.2129696
TAC,BUY,LIMIT,IOC,2408,0.0192849,0.0189700,FILLED,2408,2408,1752833918837,46.4380392
ACT,SELL,LIMIT,IOC,16761,0.0463500,0.0468821,FILLED,13219,16761,1752833919211,776.87235
C,SELL,LIMIT,IOC,6368,0.4528100,0.4594827,FILLED,25,6368,1752833919555,2883.49408
C,SELL,LIMIT,IOC,2837,0.4522200,0.4572100,FILLED,2837,2837,1752833922085,1282.94814
C,SELL,LIMIT,IOC,18,0.4518200,0.4593000,FILLED,18,18,1752833923122,8.13276
TRUMP,SELL,LIMIT,IOC,42.72,10.235000,10.342000,FILLED,42.72,42.72,1752833923185,437.2392
AI16Z,SELL,LIMIT,IOC,1000.0,0.1855000,0.1883000,FILLED,1000.0,1000.0,1752833923191,185.5
SOLUSDC,SELL,LIMIT,IOC,0.03,177.8800,178.8000,FILLED,0.03,0.03,1752833923192,5.336399999999999
MILK,SELL,LIMIT,IOC,12595,0.0477100,0.0483718,FILLED,6751,12595,1752833923199,600.90745
DOGE,SELL,LIMIT,IOC,25,0.236940,0.238580,FILLED,25,25,1752833923566,5.923500000000001
SOL,SELL,LIMIT,IOC,85.81,177.8100,178.7100,FILLED,67.92,85.81,1752833923594,15257.876100000001
C,SELL,LIMIT,IOC,1270,0.4516600,0.4602117,FILLED,626,1270,1752833924127,573.6082
TAC,BUY,LIMIT,IOC,9804,0.0193400,0.0191700,FILLED,418,9804,1752833924135,189.60936
VELVET,SELL,LIMIT,IOC,12528,0.0737600,0.0749303,FILLED,1708,12528,1752833924422,924.06528
STORJ,SELL,LIMIT,IOC,235,0.3034,0.3080,FILLED,216,235,1752833926144,71.299
TAC,BUY,LIMIT,IOC,23660,0.0193900,0.0191400,FILLED,3651,23660,1752833926236,458.7674
C,BUY,LIMIT,IOC,135,0.4674500,0.4593300,FILLED,135,135,1752833926567,63.10574999999999
XVG,SELL,LIMIT,IOC,9653,0.0073156,0.0074287,FILLED,9653,9653,1752833929282,70.61748680000001
EIGEN,SELL,LIMIT,IOC,347.8,1.5200000,1.5350067,FILLED,157.2,347.8,1752833930495,528.6560000000001
BERA,SELL,LIMIT,IOC,361.9,2.318000,2.340699,FILLED,108.7,361.9,1752833931287,838.8842
TAC,BUY,LIMIT,IOC,9056,0.0194900,0.0191990,FILLED,8229,9056,1752833933070,176.50144
ETH,SELL,LIMIT,IOC,0.019,3595.06,3609.00,FILLED,0.019,0.019,1752833937192,68.30614
HAEDAL,SELL,LIMIT,IOC,1054,0.2057830,0.2087577,FILLED,149,1054,1752833939279,216.89528199999998
LRC,SELL,LIMIT,IOC,3951,0.09416,0.09555,FILLED,270,3951,1752833940724,372.02615999999995
ETH,SELL,LIMIT,IOC,1.076,3593.54,3607.23,FILLED,1.076,1.076,1752833941139,3866.6490400000002
OMNI,SELL,LIMIT,IOC,3.35,2.6910,2.7350,FILLED,3.35,3.35,1752833941334,9.01485
1000FLOKI,SELL,LIMIT,IOC,19015,0.1301000,0.1313869,FILLED,5794,19015,1752833942134,2473.8514999999998
AIOT,BUY,LIMIT,IOC,3581,0.2931700,0.2837279,FILLED,148,3581,1752833942135,1049.84177
SOL,SELL,LIMIT,IOC,3.03,177.7700,178.5900,FILLED,3.03,3.03,1752833942172,538.6431
ETH,SELL,LIMIT,IOC,0.574,3592.92,3606.96,FILLED,0.474,0.574,1752833942246,2062.33608
GRIFFAIN,SELL,LIMIT,IOC,1061,0.0536900,0.0542200,FILLED,1061,1061,1752833942289,56.965090000000004
TAO,SELL,LIMIT,IOC,15.652,411.22,415.26,FILLED,0.018,15.652,1752833942562,6436.41544
1000SHIB,SELL,LIMIT,IOC,4567,0.014801,0.014894,FILLED,4567,4567,1752833942618,67.596167
GALA,SELL,LIMIT,IOC,69420,0.01948,0.01967,FILLED,50353,69420,1752833943213,1352.3016
SOL,SELL,LIMIT,IOC,8.62,177.7100,178.5300,FILLED,7.78,8.62,1752833943254,1531.8601999999998
ERA,SELL,LIMIT,IOC,3400,1.4441000,1.4579381,FILLED,134,3400,1752833943417,4909.94
GRIFFAIN,SELL,LIMIT,IOC,259,0.0533900,0.0541800,FILLED,259,259,1752833943448,13.82801
ETH,SELL,LIMIT,IOC,0.020,3592.57,3606.39,FILLED,0.020,0.020,1752833943538,71.8514
BNBUSDC,BUY,LIMIT,IOC,0.01,740.240,736.600,FILLED,0.01,0.01,1752833943538,7.4024
XRP,SELL,LIMIT,IOC,88.2,3.4014,3.4166,FILLED,81.6,88.2,1752833943555,300.00348
DOGS,SELL,LIMIT,IOC,121574,0.0001586,0.0001601,FILLED,57078,121574,1752833943690,19.2816364
1000SHIB,SELL,LIMIT,IOC,251361,0.014792,0.014890,FILLED,51986,251361,1752833943730,3718.131912
XVG,SELL,LIMIT,IOC,84253,0.0073112,0.0074236,FILLED,29053,84253,1752833944129,615.9905336
REZ,SELL,LIMIT,IOC,47238,0.0137200,0.0139300,FILLED,39678,47238,1752833944129,648.10536
HAEDAL,SELL,LIMIT,IOC,22542,0.2056400,0.2085311,FILLED,7,22542,1752833944243,4635.53688
CROSS,SELL,LIMIT,IOC,500,0.2710900,0.2747156,FILLED,381,500,1752833944243,135.545
MANTA,SELL,LIMIT,IOC,574.3,0.2478000,0.2514000,FILLED,574.3,574.3,1752833944274,142.31153999999998
RAYSOL,SELL,LIMIT,IOC,141.8,2.8738000,2.9010000,FILLED,141.8,141.8,1752833944319,407.50484000000006
SOLUSDC,SELL,LIMIT,IOC,0.20,177.7500,178.6100,FILLED,0.20,0.20,1752833944335,35.550000000000004
GRIFFAIN,SELL,LIMIT,IOC,17412,0.0534500,0.0541874,FILLED,3150,17412,1752833944450,930.6714
AI16Z,SELL,LIMIT,IOC,21152.8,0.1852000,0.1877030,FILLED,11233.1,21152.8,1752833944450,3917.49856
SOL,SELL,LIMIT,IOC,0.32,177.6800,178.5200,FILLED,0.32,0.32,1752833944504,56.857600000000005
BOME,SELL,LIMIT,IOC,410004,0.0023060,0.0023280,FILLED,83135,410004,1752833945083,945.4692239999999
LAYER,SELL,LIMIT,IOC,63.4,0.694600,0.701500,FILLED,63.4,63.4,1752833945232,44.037639999999996
SOLUSDC,SELL,LIMIT,IOC,5.90,177.7500,178.6800,FILLED,5.90,5.90,1752833945346,1048.7250000000001
PNUT,SELL,LIMIT,IOC,650,0.2920400,0.2951100,FILLED,650,650,1752833945548,189.82600000000002
XRP,SELL,LIMIT,IOC,144.4,3.3995,3.4186,FILLED,144.4,144.4,1752833945562,490.8878
ZKJ,SELL,LIMIT,IOC,29.0,0.173300,0.176200,FILLED,29.0,29.0,1752833945615,5.0257000000000005
ETH,SELL,LIMIT,IOC,0.872,3592.24,3607.67,FILLED,0.872,0.872,1752833945647,3132.4332799999997
IDOL,SELL,LIMIT,IOC,899,0.0166600,0.0169300,FILLED,899,899,1752833945673,14.977340000000002
SOL,SELL,LIMIT,IOC,4.30,177.6400,178.6200,FILLED,4.30,4.30,1752833946035,763.8519999999999
HOOK,SELL,LIMIT,IOC,347.5,0.125800,0.127800,FILLED,347.5,347.5,1752833946264,43.7155
WIF,SELL,LIMIT,IOC,313.2,1.0706000,1.0820000,FILLED,278.6,313.2,1752833946314,335.31192
ADA,SELL,LIMIT,IOC,2672,0.84220,0.84670,FILLED,2672,2672,1752833946324,2250.3584
SPK,SELL,LIMIT,IOC,12821,0.0345700,0.0349300,FILLED,12821,12821,1752833946373,443.22196999999994
SUSHI,SELL,LIMIT,IOC,137,0.9705,0.9792,FILLED,137,137,1752833946373,132.95850000000002
NIL,SELL,LIMIT,IOC,192.5,0.325800,0.329000,FILLED,192.5,192.5,1752833946373,62.716499999999996
1INCH,SELL,LIMIT,IOC,197,0.3286,0.3321,FILLED,135,197,1752833946373,64.7342
CGPT,SELL,LIMIT,IOC,219,0.1139900,0.1156600,FILLED,17,219,1752833946373,24.96381
AIN,SELL,LIMIT,IOC,181,0.1468600,0.1492500,FILLED,181,181,1752833946373,26.58166
BOME,SELL,LIMIT,IOC,864720,0.0023050,0.0023280,FILLED,77731,864720,1752833946445,1993.1796000000002
DOGE,SELL,LIMIT,IOC,500,0.236860,0.238540,FILLED,500,500,1752833946690,118.42999999999999
BOMEUSDC,SELL,LIMIT,IOC,3914,0.0023050,0.0023270,FILLED,3914,3914,1752833947294,9.02177
UMA,SELL,LIMIT,IOC,9,1.255000,1.273000,FILLED,4,9,1752833947321,11.294999999999998
THE,SELL,LIMIT,IOC,5252.2,0.3911000,0.4110285,FILLED,1726.9,5252.2,1752833947671,2054.13542
HAEDAL,SELL,LIMIT,IOC,929,0.2054950,0.2085037,FILLED,38,929,1752833950240,190.904855
ERA,SELL,LIMIT,IOC,54,1.4425000,1.4550000,FILLED,54,54,1752833950240,77.895
SUSHI,SELL,LIMIT,IOC,50,0.9688,0.9777,FILLED,41,50,1752833950248,48.44
PNUT,SELL,LIMIT,IOC,3369,0.2920300,0.2948427,FILLED,79,3369,1752833950369,983.84907
MKR,SELL,LIMIT,IOC,0.019,2075.40,2087.50,FILLED,0.012,0.019,1752833950496,39.4326
ETHFI,SELL,LIMIT,IOC,80.0,1.3141000,1.3275000,FILLED,80.0,80.0,1752833951065,105.128
BABY,SELL,LIMIT,IOC,7495,0.0492100,0.0497000,FILLED,7495,7495,1752833951085,368.82894999999996
BOME,SELL,LIMIT,IOC,68065,0.0023030,0.0023260,FILLED,68065,68065,1752833951262,156.753695
ACT,SELL,LIMIT,IOC,23182,0.0463100,0.0467976,FILLED,3581,23182,1752833951435,1073.5584199999998
LINK,SELL,LIMIT,IOC,100.52,18.317,18.405,FILLED,12.88,100.52,1752833951589,1841.2248399999999
BOME,SELL,LIMIT,IOC,503570,0.0023030,0.0023250,FILLED,326164,503570,1752833952305,1159.72171
ETH,SELL,LIMIT,IOC,0.654,3592.14,3606.29,FILLED,0.616,0.654,1752833952469,2349.25956
LAYER,SELL,LIMIT,IOC,141.3,0.694500,0.701400,FILLED,102.7,141.3,1752833953095,98.13285
FARTCOIN,SELL,LIMIT,IOC,4.9,1.4343000,1.4472000,FILLED,1.4,4.9,1752833953097,7.0280700000000005
ARB,SELL,LIMIT,IOC,567.3,0.462800,0.465300,FILLED,113.6,567.3,1752833953109,262.54643999999996
TAO,SELL,LIMIT,IOC,0.594,410.86,414.77,FILLED,0.594,0.594,1752833953529,244.05084
ETH,SELL,LIMIT,IOC,0.069,3591.91,3605.56,FILLED,0.069,0.069,1752833953529,247.84179
DOGEUSDC,SELL,LIMIT,IOC,22,0.237270,0.238440,FILLED,22,22,1752833954048,5.21994
STO,SELL,LIMIT,IOC,1056,0.0863900,0.0876275,FILLED,121,1056,1752833954211,91.22784
1MBABYDOGE,SELL,LIMIT,IOC,103026,0.0015151,0.0015295,FILLED,35180,103026,1752833954211,156.0946926
ALT,SELL,LIMIT,IOC,1045,0.0351700,0.0357100,FILLED,1045,1045,1752833954211,36.75265
NEIRO,SELL,LIMIT,IOC,96256,0.00053160,0.00053670,FILLED,96256,96256,1752833954281,51.169689600000005
LINK,SELL,LIMIT,IOC,328.48,18.303,18.395,FILLED,20.66,328.48,1752833954298,6012.169440000001
SOL,SELL,LIMIT,IOC,3.05,177.5700,178.4600,FILLED,3.05,3.05,1752833954355,541.5885
BOMEUSDC,SELL,LIMIT,IOC,137117,0.0023010,0.0023240,FILLED,83012,137117,1752833954429,315.506217
ETH,SELL,LIMIT,IOC,0.025,3591.58,3606.47,FILLED,0.025,0.025,1752833954955,89.7895
LQTY,SELL,LIMIT,IOC,168.8,1.381400,1.399880,FILLED,32.7,168.8,1752833955309,233.18032000000002
THE,SELL,LIMIT,IOC,3893.4,0.4046000,0.4107131,FILLED,861.8,3893.4,1752833955322,1575.2696400000002
JUP,SELL,LIMIT,IOC,3280,0.5461000,0.5513000,FILLED,634,3280,1752833955426,1791.208
XRP,SELL,LIMIT,IOC,42.2,3.3989,3.4163,FILLED,42.2,42.2,1752833955562,143.43358
DOT,SELL,LIMIT,IOC,5.5,4.373,4.400,FILLED,1.2,5.5,1752833955787,24.0515
NEAR,SELL,LIMIT,IOC,5,2.9000,2.9280,FILLED,5,5,1752833956044,14.5
CYBER,SELL,LIMIT,IOC,76.7,1.729000,1.754000,FILLED,76.7,76.7,1752833956169,132.61430000000001
RUNE,SELL,LIMIT,IOC,150,1.6480,1.6650,FILLED,103,150,1752833956171,247.2
1000SHIB,SELL,LIMIT,IOC,4000,0.014782,0.014878,FILLED,1642,4000,1752833956188,59.128
COOKIE,SELL,LIMIT,IOC,5349,0.2063000,0.2083000,FILLED,5349,5349,1752833956195,1103.4987
NEIRO,SELL,LIMIT,IOC,3681601,0.00053110,0.00053640,FILLED,1425595,3681601,1752833956212,1955.2982911
DYDX,SELL,LIMIT,IOC,2020.5,0.670,0.677,FILLED,472.3,2020.5,1752833956374,1353.7350000000001
1000PEPE,SELL,LIMIT,IOC,35418,0.0134814,0.0135636,FILLED,35418,35418,1752833956390,477.48422519999997
LINK,SELL,LIMIT,IOC,4.22,18.302,18.395,FILLED,4.22,4.22,1752833956475,77.23443999999999
ARB,SELL,LIMIT,IOC,64.8,0.462600,0.465300,FILLED,64.8,64.8,1752833956692,29.97648
ACE,SELL,LIMIT,IOC,66.95,0.614778,0.624100,FILLED,66.95,66.95,1752833957726,41.159387100000004
BABY,SELL,LIMIT,IOC,123,0.0491700,0.0496564,FILLED,22,123,1752833958203,6.04791
1000PEPE,SELL,LIMIT,IOC,287669,0.0134752,0.0135530,FILLED,94897,287669,1752833958342,3876.3973088
EIGEN,SELL,LIMIT,IOC,655.9,1.5171000,1.5315099,FILLED,454.8,655.9,1752833958491,995.0658899999999
HMSTR,SELL,LIMIT,IOC,1026035,0.0008860,0.0008989,FILLED,76138,1026035,1752833958623,909.06701
ICP,SELL,LIMIT,IOC,1,5.895000,5.952000,FILLED,1,1,1752833959101,5.895
1000PEPE,SELL,LIMIT,IOC,1701941,0.0134638,0.0135529,FILLED,22431,1701941,1752833959452,22914.5932358
OP,SELL,LIMIT,IOC,961.6,0.7589000,0.7636000,FILLED,961.6,961.6,1752833959524,729.75824
SOL,SELL,LIMIT,IOC,0.49,177.5300,178.3900,FILLED,0.49,0.49,1752833960210,86.9897
DOGE,SELL,LIMIT,IOC,1943,0.236670,0.238190,FILLED,1943,1943,1752833960286,459.84981
ERA,SELL,LIMIT,IOC,203,1.4413000,1.4554093,FILLED,184,203,1752833960286,292.5839
1000PEPEUSDC,SELL,LIMIT,IOC,192202,0.0133606,0.0135509,FILLED,3740,192202,1752833960332,2567.9340412
DEGO,SELL,LIMIT,IOC,46.1,1.1228000,1.1389845,FILLED,7.1,46.1,1752833960333,51.76108
PEOPLE,SELL,LIMIT,IOC,2256,0.02341,0.02365,FILLED,1125,2256,1752833960333,52.812960000000004
MUBARAK,SELL,LIMIT,IOC,476,0.0454500,0.0458740,FILLED,282,476,1752833960333,21.6342
ETHFI,SELL,LIMIT,IOC,255.1,1.3133000,1.3263000,FILLED,250.9,255.1,1752833960372,335.02282999999994
W,SELL,LIMIT,IOC,7299.2,0.0908000,0.0917300,FILLED,1259.3,7299.2,1752833960427,662.76736
LPT,SELL,LIMIT,IOC,92.0,7.317,7.387,FILLED,18.8,92.0,1752833960427,673.164
TRB,SELL,LIMIT,IOC,15.3,44.373,44.839,FILLED,14.0,15.3,1752833960427,678.9069
ADA,SELL,LIMIT,IOC,984,0.84160,0.84590,FILLED,938,984,1752833960458,828.1344
MKR,SELL,LIMIT,IOC,0.120,2073.30,2083.69,FILLED,0.007,0.120,1752833960522,248.79600000000002
VINE,SELL,LIMIT,IOC,7158,0.0371200,0.0376654,FILLED,45,7158,1752833960603,265.70496
VET,SELL,LIMIT,IOC,44544,0.027384,0.027543,FILLED,3724,44544,1752833961048,1219.792896
TAO,SELL,LIMIT,IOC,4.241,410.43,414.31,FILLED,1.040,4.241,1752833961226,1740.6336299999998
SOL,SELL,LIMIT,IOC,1.59,177.4800,178.3700,FILLED,1.59,1.59,1752833961336,282.1932
HAEDAL,SELL,LIMIT,IOC,354,0.2055470,0.2086117,FILLED,2,354,1752833961468,72.763638
1000PEPE,SELL,LIMIT,IOC,2089,0.0134644,0.0135533,FILLED,2089,2089,1752833961468,28.1271316
C,BUY,LIMIT,IOC,1748,0.4687700,0.4621304,FILLED,676,1748,1752833962222,819.4099600000001
1000SHIB,SELL,LIMIT,IOC,435961,0.014779,0.014874,FILLED,30758,435961,1752833962264,6443.067619
USUAL,SELL,LIMIT,IOC,2830,0.0921000,0.0931000,FILLED,2830,2830,1752833962272,260.64300000000003
AI,SELL,LIMIT,IOC,2980,0.154470,0.156646,FILLED,255,2980,1752833962425,460.3206
ETHFI,SELL,LIMIT,IOC,355.5,1.3127000,1.3268000,FILLED,261.4,355.5,1752833962425,466.66485
DEGEN,SELL,LIMIT,IOC,102880,0.0045270,0.0045939,FILLED,7366,102880,1752833962425,465.73776
NFP,SELL,LIMIT,IOC,5828.8,0.0799600,0.0811429,FILLED,1193.6,5828.8,1752833962425,466.070848
TAO,SELL,LIMIT,IOC,1.142,410.28,414.44,FILLED,1.142,1.142,1752833962425,468.53975999999994
CETUS,SELL,LIMIT,IOC,3875,0.1210600,0.1228111,FILLED,1481,3875,1752833962425,469.1075
NEIRO,SELL,LIMIT,IOC,887784,0.00053120,0.00053650,FILLED,133622,887784,1752833962425,471.59086080000003
ALT,SELL,LIMIT,IOC,13351,0.0351600,0.0356800,FILLED,2545,13351,1752833962425,469.42115999999993
ONDO,SELL,LIMIT,IOC,459.1,1.0284000,1.0388000,FILLED,454.2,459.1,1752833962425,472.13844
TIA,SELL,LIMIT,IOC,236,1.9952000,2.0165000,FILLED,195,236,1752833962425,470.8672
BB,SELL,LIMIT,IOC,4311,0.1091300,0.1106812,FILLED,45,4311,1752833962425,470.45943
1000CAT,SELL,LIMIT,IOC,52714,0.0089570,0.0090887,FILLED,1927,52714,1752833962426,472.159298
CRV,SELL,LIMIT,IOC,476.6,1.001,1.008,FILLED,422.3,476.6,1752833962426,477.0766
OP,SELL,LIMIT,IOC,628.9,0.7589000,0.7635000,FILLED,44.9,628.9,1752833962426,477.27221
1MBABYDOGE,SELL,LIMIT,IOC,314129,0.0015135,0.0015281,FILLED,314129,314129,1752833962426,475.43424150000004
1000SATS,SELL,LIMIT,IOC,9746588,0.0000489,0.0000494,FILLED,9746588,9746588,1752833962426,476.6081532
BOME,SELL,LIMIT,IOC,207039,0.0023010,0.0023230,FILLED,4955,207039,1752833962426,476.396739
WLD,SELL,LIMIT,IOC,416,1.1438000,1.1554000,FILLED,416,416,1752833962426,475.82079999999996
ZK,SELL,LIMIT,IOC,7747,0.0616000,0.0622106,FILLED,7070,7747,1752833962426,477.21520000000004
TRU,SELL,LIMIT,IOC,14749,0.0324000,0.0327036,FILLED,1285,14749,1752833962426,477.8676
MEME,SELL,LIMIT,IOC,235737,0.0020280,0.0020490,FILLED,235737,235737,1752833962426,478.07463599999994
ICP,SELL,LIMIT,IOC,81,5.892000,5.947000,FILLED,81,81,1752833962426,477.252
ARB,SELL,LIMIT,IOC,1041.6,0.462400,0.465100,FILLED,952.0,1041.6,1752833962426,481.6358399999999
MEW,SELL,LIMIT,IOC,132135,0.0036160,0.0036700,FILLED,124931,132135,1752833962426,477.80016
IO,SELL,LIMIT,IOC,573.9,0.8376000,0.8459205,FILLED,251.7,573.9,1752833962426,480.69864
FET,SELL,LIMIT,IOC,606,0.7931000,0.8008000,FILLED,606,606,1752833962426,480.6186
TRUMP,SELL,LIMIT,IOC,47.06,10.225000,10.329000,FILLED,47.06,47.06,1752833962426,481.18850000000003
DYDX,SELL,LIMIT,IOC,719.4,0.670,0.677,FILLED,719.4,719.4,1752833962426,481.998
DYM,SELL,LIMIT,IOC,1591.8,0.301000,0.305433,FILLED,399.8,1591.8,1752833962426,479.1318
SAGA,SELL,LIMIT,IOC,1591.8,0.3024000,0.3053000,FILLED,103.0,1591.8,1752833962426,481.36032
THETA,SELL,LIMIT,IOC,529.3,0.9105,0.9194,FILLED,173.0,529.3,1752833962426,481.92764999999997
GRT,SELL,LIMIT,IOC,4393,0.10981,0.11093,FILLED,2334,4393,1752833962426,482.39533
NEAR,SELL,LIMIT,IOC,166,2.8990,2.9280,FILLED,31,166,1752833962426,481.234
STRK,SELL,LIMIT,IOC,3246.7,0.1488000,0.1503000,FILLED,3246.7,3246.7,1752833962426,483.1089599999999
TON,SELL,LIMIT,IOC,149.7,3.2256000,3.2582687,FILLED,42.5,149.7,1752833962426,482.87231999999995
JTO,SELL,LIMIT,IOC,244,1.978600,1.999200,FILLED,244,244,1752833962426,482.7784
EDU,SELL,LIMIT,IOC,3109,0.1552000,0.1575000,FILLED,2183,3109,1752833962426,482.5168
APT,SELL,LIMIT,IOC,89.8,5.40980,5.46257,FILLED,11.9,89.8,1752833962426,485.80003999999997
HIFI,SELL,LIMIT,IOC,5586,0.0863000,0.0881000,FILLED,5586,5586,1752833962426,482.0718
ENA,SELL,LIMIT,IOC,1231,0.4008000,0.4049000,FILLED,281,1231,1752833962426,493.3848
NEIROETH,SELL,LIMIT,IOC,11807,0.1334700,0.1354442,FILLED,19,11807,1752833962426,1575.88029
REZ,SELL,LIMIT,IOC,124315,0.0137200,0.0139100,FILLED,7786,124315,1752833962465,1705.6018
AVAXUSDC,SELL,LIMIT,IOC,7.58,24.072000,24.190000,FILLED,7.58,7.58,1752833962629,182.46576
NOT,SELL,LIMIT,IOC,85979,0.0023780,0.0024020,FILLED,85979,85979,1752833962680,204.45806199999998
W,SELL,LIMIT,IOC,15859.5,0.0907400,0.0917136,FILLED,2985.3,15859.5,1752833963139,1439.09103
XLM,SELL,LIMIT,IOC,375,0.47067,0.47542,FILLED,93,375,1752833963399,176.50125
ICP,SELL,LIMIT,IOC,25,5.888000,5.950000,FILLED,25,25,1752833964281,147.2
C,BUY,LIMIT,IOC,43,0.4697500,0.4656600,FILLED,43,43,1752833965269,20.19925
AI,SELL,LIMIT,IOC,465,0.154360,0.156800,FILLED,49,465,1752833965386,71.7774
HFT,SELL,LIMIT,IOC,5485,0.0805800,0.0818380,FILLED,1089,5485,1752833965413,441.9813
MILK,SELL,LIMIT,IOC,2833,0.0476500,0.0483284,FILLED,435,2833,1752833966287,134.99245
C,BUY,LIMIT,IOC,1089,0.4733800,0.4648800,FILLED,1089,1089,1752833967080,515.5108200000001
WIF,SELL,LIMIT,IOC,1148.9,1.0697000,1.0803806,FILLED,332.2,1148.9,1752833969586,1228.9783300000001
THE,SELL,LIMIT,IOC,280.9,0.4044000,0.4103000,FILLED,267.4,280.9,1752833970150,113.59595999999999
NFP,SELL,LIMIT,IOC,300.3,0.0799000,0.0811200,FILLED,300.3,300.3,1752833970357,23.99397
INIT,SELL,LIMIT,IOC,24,0.4560000,0.4608000,FILLED,24,24,1752833973517,10.944
WIF,SELL,LIMIT,IOC,177.7,1.0691000,1.0794000,FILLED,177.7,177.7,1752833974578,189.97906999999998
B3,SELL,LIMIT,IOC,494429,0.0029270,0.0029725,FILLED,23820,494429,1752833977611,1447.193683
WIF,SELL,LIMIT,IOC,523.0,1.0686000,1.0799000,FILLED,523.0,523.0,1752833977736,558.8778
NFP,SELL,LIMIT,IOC,1145.4,0.0797400,0.0810438,FILLED,293.1,1145.4,1752833978100,91.33419600000002
THE,SELL,LIMIT,IOC,3541.3,0.3904000,0.4108000,FILLED,241.6,3541.3,1752833978158,1382.5235200000002
XAI,SELL,LIMIT,IOC,1000,0.0640800,0.0647300,FILLED,1000,1000,1752833979046,64.08
C,BUY,LIMIT,IOC,79,0.4773400,0.4709600,FILLED,79,79,1752833979075,37.70986
C,BUY,LIMIT,IOC,10000,0.4777503,0.4709605,FILLED,24,10000,1752833980477,4777.503000000001
C,BUY,LIMIT,IOC,1317,0.4778200,0.4703361,FILLED,210,1317,1752833981554,629.28894
HAEDAL,SELL,LIMIT,IOC,585,0.2054540,0.2085330,FILLED,264,585,1752833983385,120.19059
C,BUY,LIMIT,IOC,45,0.4784900,0.4717300,FILLED,45,45,1752833986556,21.53205
SWARMS,SELL,LIMIT,IOC,249,0.0241900,0.0245700,FILLED,249,249,1752833988543,6.0233099999999995
TAC,BUY,LIMIT,IOC,568,0.0195800,0.0193700,FILLED,568,568,1752833988570,11.12144
C,BUY,LIMIT,IOC,1333,0.4795800,0.4730441,FILLED,635,1333,1752833994369,639.28014
VIRTUAL,SELL,LIMIT,IOC,267.2,1.8270000,1.8450927,FILLED,19.5,267.2,1752833995202,488.1744
C,BUY,LIMIT,IOC,7813,0.4800500,0.4727289,FILLED,59,7813,1752833995470,3750.6306499999996
VELVET,BUY,LIMIT,IOC,352,0.0764000,0.0755800,FILLED,352,352,1752833995499,26.892799999999998
POL,SELL,LIMIT,IOC,394,0.2408600,0.2431304,FILLED,260,394,1752833996218,94.89883999999999
HIPPO,SELL,LIMIT,IOC,651695,0.0024580,0.0024925,FILLED,36188,651695,1752833996632,1601.86631
TAC,BUY,LIMIT,IOC,4965,0.0196900,0.0194200,FILLED,4965,4965,1752833997113,97.76084999999999
CROSS,BUY,LIMIT,IOC,79,0.2802300,0.2764365,FILLED,26,79,1752833997447,22.13817
UNI,SELL,LIMIT,IOC,21,10.4780,10.5460,FILLED,13,21,1752833998199,220.03799999999998
IOTA,SELL,LIMIT,IOC,183.6,0.2357,0.2379,FILLED,183.6,183.6,1752833999199,43.274519999999995
SOL,SELL,LIMIT,IOC,0.41,177.4700,178.3300,FILLED,0.41,0.41,1752834000087,72.7627
CHILLGUY,SELL,LIMIT,IOC,1328,0.0700300,0.0707666,FILLED,443,1328,1752834001206,92.99983999999999
SOL,SELL,LIMIT,IOC,1.70,177.4600,178.3100,FILLED,1.70,1.70,1752834001354,301.682
SOLUSDC,SELL,LIMIT,IOC,2.69,177.5200,178.4000,FILLED,2.69,2.69,1752834002072,477.5288
DOGE,SELL,LIMIT,IOC,463,0.236580,0.237980,FILLED,463,463,1752834002132,109.53654
WLD,SELL,LIMIT,IOC,9,1.1437000,1.1550000,FILLED,9,9,1752834002153,10.293299999999999
THE,SELL,LIMIT,IOC,177.2,0.4042000,0.4102000,FILLED,177.2,177.2,1752834002262,71.62424
BRETT,SELL,LIMIT,IOC,381705,0.0610000,0.0619807,FILLED,490,381705,1752834003250,23284.005
POPCAT,SELL,LIMIT,IOC,3871,0.3905000,0.3944000,FILLED,175,3871,1752834003251,1511.6255
DOOD,SELL,LIMIT,IOC,342700,0.0035949,0.0036448,FILLED,2088,342700,1752834003378,1231.9722299999999
DOGE,SELL,LIMIT,IOC,19716,0.236450,0.237942,FILLED,2941,19716,1752834003652,4661.848199999999
1000PEPE,SELL,LIMIT,IOC,300894,0.0134713,0.0135576,FILLED,17109,300894,1752834003652,4053.4333422
VIRTUAL,SELL,LIMIT,IOC,27.2,1.8254000,1.8436408,FILLED,11.0,27.2,1752834003746,49.650879999999994
SOL,SELL,LIMIT,IOC,198.63,177.4000,178.3200,FILLED,9.61,198.63,1752834004044,35236.962
JUP,SELL,LIMIT,IOC,370,0.5453000,0.5506000,FILLED,370,370,1752834004261,201.761
SUSHI,SELL,LIMIT,IOC,511,0.9660,0.9738,FILLED,29,511,1752834004269,493.626
SEI,SELL,LIMIT,IOC,1074,0.3646000,0.3682000,FILLED,1074,1074,1752834004434,391.5804
UNI,SELL,LIMIT,IOC,2,10.4740,10.5370,FILLED,2,2,1752834005134,20.948
NEIRO,SELL,LIMIT,IOC,19974,0.00053090,0.00053640,FILLED,19974,19974,1752834005163,10.604196599999998
MLN,SELL,LIMIT,IOC,55.18,7.79700,7.90987,FILLED,4.24,55.18,1752834005466,430.23846
1000SHIB,SELL,LIMIT,IOC,204292,0.014775,0.014873,FILLED,32898,204292,1752834005475,3018.4143
SPX,SELL,LIMIT,IOC,3,1.8453000,1.8642000,FILLED,3,3,1752834005494,5.5359
SUSHI,SELL,LIMIT,IOC,6,0.9643,0.9750,FILLED,6,6,1752834005494,5.7858
C,BUY,LIMIT,IOC,102,0.4800000,0.4755100,FILLED,98,102,1752834005506,48.96
ETH,SELL,LIMIT,IOC,0.135,3591.31,3606.24,FILLED,0.135,0.135,1752834005506,484.82685000000004
DOGE,SELL,LIMIT,IOC,2014,0.236410,0.237970,FILLED,1976,2014,1752834005691,476.12974
PUMP,SELL,LIMIT,IOC,121154,0.0046260,0.0046720,FILLED,121154,121154,1752834006348,560.458404
LOKA,SELL,LIMIT,IOC,8569,0.0886800,0.0902905,FILLED,979,8569,1752834006529,759.89892
C,BUY,LIMIT,IOC,12,0.4824800,0.4754900,FILLED,12,12,1752834006542,5.78976
THE,SELL,LIMIT,IOC,2048.6,0.3899000,0.4097000,FILLED,748.6,2048.6,1752834008493,798.74914
TRUMP,SELL,LIMIT,IOC,374.77,10.223000,10.318000,FILLED,19.00,374.77,1752834009210,3831.27371
DOGE,SELL,LIMIT,IOC,18,0.236370,0.237830,FILLED,18,18,1752834009287,4.25466
BABY,SELL,LIMIT,IOC,123,0.0491300,0.0495900,FILLED,123,123,1752834009402,6.04299
RENDER,SELL,LIMIT,IOC,472.8,4.1670000,4.2065607,FILLED,206.3,472.8,1752834009689,1970.1576
ICP,SELL,LIMIT,IOC,319,5.891000,5.949244,FILLED,109,319,1752834009689,1879.229
LINK,SELL,LIMIT,IOC,95.78,18.293,18.374,FILLED,22.07,95.78,1752834009689,1752.1035399999998
SUI,SELL,LIMIT,IOC,387.5,3.986500,4.026300,FILLED,387.5,387.5,1752834009689,1544.76875
DOT,SELL,LIMIT,IOC,57.6,4.369,4.398,FILLED,57.6,57.6,1752834010067,251.65439999999998
FARTCOIN,SELL,LIMIT,IOC,48.0,1.4310000,1.4437000,FILLED,33.0,48.0,1752834010072,68.688
ETH,SELL,LIMIT,IOC,0.019,3591.04,3605.20,FILLED,0.019,0.019,1752834010072,68.22976
PENGU,SELL,LIMIT,IOC,900,0.0293020,0.0295790,FILLED,900,900,1752834010072,26.3718
KNC,SELL,LIMIT,IOC,16,0.42640,0.43260,FILLED,16,16,1752834010072,6.8224
WIF,SELL,LIMIT,IOC,9.6,1.0683000,1.0785000,FILLED,9.6,9.6,1752834010072,10.25568
VELVET,SELL,LIMIT,IOC,156,0.0740400,0.0750000,FILLED,156,156,1752834010072,11.550239999999999
UNI,BUY,LIMIT,IOC,1,10.5970,10.5380,FILLED,1,1,1752834010072,10.597
THE,SELL,LIMIT,IOC,729.0,0.4039000,0.4092000,FILLED,118.1,729.0,1752834010094,294.44309999999996
SOL,SELL,LIMIT,IOC,2.82,177.3900,178.2600,FILLED,2.32,2.82,1752834010141,500.23979999999995
LDO,SELL,LIMIT,IOC,702,1.069900,1.076400,FILLED,702,702,1752834010148,751.0698000000001
HAEDAL,SELL,LIMIT,IOC,44,0.2048610,0.2072590,FILLED,44,44,1752834010164,9.013884
SWARMS,SELL,LIMIT,IOC,249,0.0241700,0.0245200,FILLED,249,249,1752834010192,6.01833
ATOM,SELL,LIMIT,IOC,149.00,4.978,5.006,FILLED,31.47,149.00,1752834010206,741.722
RARE,SELL,LIMIT,IOC,67040,0.0616900,0.0625713,FILLED,580,67040,1752834010208,4135.6976
HMSTR,SELL,LIMIT,IOC,105708,0.0008850,0.0008980,FILLED,105708,105708,1752834010295,93.55158
ETHUSDC,SELL,LIMIT,IOC,0.018,3593.25,3607.54,FILLED,0.018,0.018,1752834010331,64.6785
GALA,SELL,LIMIT,IOC,240908,0.01941,0.01961,FILLED,240908,240908,1752834010409,4676.02428
VET,SELL,LIMIT,IOC,90675,0.027365,0.027519,FILLED,40592,90675,1752834010421,2481.321375
DENT,SELL,LIMIT,IOC,2919076,0.000766,0.000777,FILLED,6231,2919076,1752834010421,2236.012216
NFP,SELL,LIMIT,IOC,350.0,0.0797100,0.0808100,FILLED,350.0,350.0,1752834010439,27.898500000000002
WLD,SELL,LIMIT,IOC,21,1.1434000,1.1544000,FILLED,21,21,1752834010448,24.0114
AI16Z,SELL,LIMIT,IOC,10066.8,0.1846000,0.1871000,FILLED,6859.0,10066.8,1752834010585,1858.3312799999997
ARB,SELL,LIMIT,IOC,978.5,0.462300,0.464600,FILLED,743.3,978.5,1752834010738,452.36055
DOGE,SELL,LIMIT,IOC,2770,0.236270,0.237790,FILLED,2770,2770,1752834010745,654.4679
CHILLGUY,SELL,LIMIT,IOC,4274,0.0699900,0.0706490,FILLED,399,4274,1752834010796,299.13725999999997
LINK,SELL,LIMIT,IOC,13.90,18.281,18.367,FILLED,5.32,13.90,1752834011117,254.1059
DOGS,SELL,LIMIT,IOC,1558549,0.0001583,0.0001597,FILLED,236937,1558549,1752834011166,246.7183067
SOL,SELL,LIMIT,IOC,33.48,177.3400,178.2400,FILLED,33.48,33.48,1752834011231,5937.343199999999
SSV,SELL,LIMIT,IOC,2.29,10.690000,10.781192,FILLED,0.46,2.29,1752834011258,24.4801
HAEDAL,SELL,LIMIT,IOC,6374,0.2046830,0.2072900,FILLED,1770,6374,1752834011314,1304.6494420000001
TRUMP,SELL,LIMIT,IOC,18.52,10.214000,10.308000,FILLED,18.52,18.52,1752834011363,189.16328000000001
THE,SELL,LIMIT,IOC,14.9,0.4036000,0.4092000,FILLED,14.9,14.9,1752834011391,6.0136400000000005
PENGU,SELL,LIMIT,IOC,186,0.0292960,0.0295750,FILLED,186,186,1752834011418,5.449056
GRASS,SELL,LIMIT,IOC,576.2,1.1150000,1.1246437,FILLED,42.8,576.2,1752834011466,642.4630000000001
HYPER,SELL,LIMIT,IOC,2223,0.3628000,0.3661000,FILLED,225,2223,1752834011466,806.5044
ATOM,SELL,LIMIT,IOC,132.24,4.977,5.006,FILLED,132.24,132.24,1752834011485,658.15848
MEW,SELL,LIMIT,IOC,52543,0.0036060,0.0036580,FILLED,47247,52543,1752834011532,189.470058
INIT,SELL,LIMIT,IOC,1542,0.4557000,0.4600000,FILLED,686,1542,1752834011574,702.6894
ERA,BUY,LIMIT,IOC,343,1.4810000,1.4659163,FILLED,18,343,1752834012284,507.983
TRUMP,SELL,LIMIT,IOC,1251.17,10.177000,10.304952,FILLED,59.11,1251.17,1752834012412,12733.15709
ETH,SELL,LIMIT,IOC,0.241,3590.22,3603.59,FILLED,0.241,0.241,1752834012521,865.2430199999999
DOT,SELL,LIMIT,IOC,2244.4,4.368,4.395,FILLED,1425.5,2244.4,1752834012528,9803.539200000001
SUI,SELL,LIMIT,IOC,184.5,3.984600,4.023920,FILLED,139.2,184.5,1752834012528,735.1587
WIF,SELL,LIMIT,IOC,946.2,1.0675000,1.0771000,FILLED,418.9,946.2,1752834012554,1010.0685
THE,SELL,LIMIT,IOC,4690.0,0.4035000,0.4091000,FILLED,214.1,4690.0,1752834012608,1892.4150000000002
AEVO,SELL,LIMIT,IOC,433.7,0.1173000,0.1190096,FILLED,81.7,433.7,1752834012612,50.87301
SPX,SELL,LIMIT,IOC,10525,1.8320000,1.8601090,FILLED,52,10525,1752834012640,19281.8
STRK,SELL,LIMIT,IOC,65359.4,0.1483000,0.1501000,FILLED,4451.6,65359.4,1752834012640,9692.799019999999
AVAX,SELL,LIMIT,IOC,326,24.0400,24.1449,FILLED,34,326,1752834012650,7837.04
MUBARAK,SELL,LIMIT,IOC,1256,0.0453300,0.0457100,FILLED,1256,1256,1752834012756,56.93448
MEME,SELL,LIMIT,IOC,5982,0.0020250,0.0020440,FILLED,5982,5982,1752834012766,12.11355
POPCAT,SELL,LIMIT,IOC,10622,0.3899000,0.3930000,FILLED,2162,10622,1752834012792,4141.5178000000005
TAO,SELL,LIMIT,IOC,3.510,410.18,414.11,FILLED,0.317,3.510,1752834012797,1439.7318
SWARMS,SELL,LIMIT,IOC,24774,0.0241700,0.0245015,FILLED,3703,24774,1752834012805,598.78758
EPT,SELL,LIMIT,IOC,147966,0.0044580,0.0045220,FILLED,126111,147966,1752834012805,659.632428
UXLINK,SELL,LIMIT,IOC,2015,0.3563000,0.3616128,FILLED,1757,2015,1752834012806,717.9445000000001
CATI,SELL,LIMIT,IOC,6477,0.0976000,0.0990000,FILLED,1915,6477,1752834012806,632.1552
ALT,SELL,LIMIT,IOC,20218,0.0351100,0.0355900,FILLED,17839,20218,1752834012806,709.8539800000001
TNSR,SELL,LIMIT,IOC,5236.9,0.1482000,0.1503474,FILLED,77.6,5236.9,1752834012806,776.10858
NXPC,SELL,LIMIT,IOC,1024,1.0232100,1.0325163,FILLED,557,1024,1752834012806,1047.76704
CAKE,SELL,LIMIT,IOC,401,2.6497000,2.6746780,FILLED,3,401,1752834012806,1062.5297
PIPPIN,SELL,LIMIT,IOC,40400,0.0199200,0.0202101,FILLED,7579,40400,1752834012806,804.768
DOGE,SELL,LIMIT,IOC,28339,0.236200,0.237691,FILLED,5507,28339,1752834013147,6693.6718
SOL,SELL,LIMIT,IOC,0.30,177.2800,178.1800,FILLED,0.30,0.30,1752834013150,53.184
MANA,SELL,LIMIT,IOC,605,0.3367,0.3401,FILLED,605,605,1752834013151,203.7035
FLM,SELL,LIMIT,IOC,4395,0.0302,0.0308,FILLED,4395,4395,1752834013151,132.729
BERA,SELL,LIMIT,IOC,201.6,2.310000,2.333000,FILLED,7.7,201.6,1752834013162,465.69599999999997
CYBER,SELL,LIMIT,IOC,606.5,1.726000,1.752000,FILLED,469.8,606.5,1752834013166,1046.819
1000SHIB,SELL,LIMIT,IOC,64113,0.014766,0.014858,FILLED,59240,64113,1752834013186,946.692558
HAEDAL,SELL,LIMIT,IOC,298,0.2044040,0.2064410,FILLED,298,298,1752834013207,60.912392000000004
BOME,SELL,LIMIT,IOC,49627,0.0022970,0.0023202,FILLED,17459,49627,1752834013249,113.993219
B2,SELL,LIMIT,IOC,14,0.3884000,0.3940000,FILLED,14,14,1752834013289,5.437600000000001
SYRUP,SELL,LIMIT,IOC,23,0.4350500,0.4388900,FILLED,23,23,1752834013295,10.00615
NOT,SELL,LIMIT,IOC,4090407,0.0023690,0.0023946,FILLED,172156,4090407,1752834013369,9690.174183
PIXEL,SELL,LIMIT,IOC,112208,0.0437200,0.0442990,FILLED,576,112208,1752834013369,4905.73376
OM,SELL,LIMIT,IOC,42047.9,0.2352400,0.2379575,FILLED,370.1,42047.9,1752834013370,9891.347996
DOGEUSDC,SELL,LIMIT,IOC,263,0.236780,0.237820,FILLED,238,263,1752834013388,62.27314
GALA,SELL,LIMIT,IOC,28972,0.01940,0.01959,FILLED,6970,28972,1752834013427,562.0568000000001
VET,SELL,LIMIT,IOC,20037,0.027357,0.027518,FILLED,20037,20037,1752834013468,548.152209
1000PEPE,SELL,LIMIT,IOC,13855,0.0134569,0.0135366,FILLED,12500,13855,1752834013514,186.44534950000002
SOLUSDC,SELL,LIMIT,IOC,0.09,177.3700,178.2100,FILLED,0.09,0.09,1752834013521,15.9633
AIXBT,SELL,LIMIT,IOC,298,0.1683100,0.1700000,FILLED,298,298,1752834013628,50.15638
THE,SELL,LIMIT,IOC,289.5,0.4031000,0.4089000,FILLED,250.5,289.5,1752834013653,116.69745
ETH,SELL,LIMIT,IOC,1.413,3589.29,3603.61,FILLED,1.407,1.413,1752834013658,5071.66677
C,BUY,LIMIT,IOC,48,0.4835800,0.4771700,FILLED,30,48,1752834013751,23.211840000000002
BB,SELL,LIMIT,IOC,41796,0.1088200,0.1102873,FILLED,161,41796,1752834014136,4548.24072
XRP,SELL,LIMIT,IOC,571.9,3.3975,3.4140,FILLED,21.1,571.9,1752834014137,1943.0302499999998
NIL,SELL,LIMIT,IOC,1930.1,0.324500,0.327500,FILLED,1586.7,1930.1,1752834014143,626.31745
WIF,SELL,LIMIT,IOC,2402.6,1.0666000,1.0766000,FILLED,378.6,2402.6,1752834014169,2562.61316
DOGE,SELL,LIMIT,IOC,67,0.236150,0.237600,FILLED,67,67,1752834014185,15.822049999999999
ARB,SELL,LIMIT,IOC,239.5,0.461300,0.464000,FILLED,239.5,239.5,1752834014197,110.48134999999999
1000SHIB,SELL,LIMIT,IOC,264335,0.014765,0.014853,FILLED,65380,264335,1752834014219,3902.9062750000003
ALGO,SELL,LIMIT,IOC,324.3,0.3022,0.3053,FILLED,324.3,324.3,1752834014242,98.00346000000002
MUBARAK,SELL,LIMIT,IOC,1222,0.0452700,0.0456600,FILLED,1222,1222,1752834014245,55.319939999999995
SUI,SELL,LIMIT,IOC,336.1,3.983700,4.022439,FILLED,81.7,336.1,1752834014399,1338.92157
AVAX,SELL,LIMIT,IOC,230,24.0250,24.1364,FILLED,55,230,1752834014511,5525.75
1000PEPE,SELL,LIMIT,IOC,10000,0.0134539,0.0135270,FILLED,7110,10000,1752834014584,134.539
POPCAT,SELL,LIMIT,IOC,427,0.3893000,0.3928000,FILLED,427,427,1752834014807,166.2311
MEME,SELL,LIMIT,IOC,5627,0.0020230,0.0020420,FILLED,5627,5627,1752834015148,11.383421
WLD,SELL,LIMIT,IOC,184,1.1420000,1.1525000,FILLED,154,184,1752834015168,210.128
TURBO,SELL,LIMIT,IOC,4760,0.0055051,0.0055543,FILLED,3506,4760,1752834015170,26.204276
HAEDAL,SELL,LIMIT,IOC,9858,0.2037770,0.2062725,FILLED,396,9858,1752834015176,2008.8336660000002
WIF,SELL,LIMIT,IOC,20.6,1.0664000,1.0744000,FILLED,20.6,20.6,1752834015220,21.967840000000002
DOGS,SELL,LIMIT,IOC,62381069,0.0001577,0.0001592,FILLED,4538241,62381069,1752834015225,9837.494581300001
SYRUP,SELL,LIMIT,IOC,28,0.4346900,0.4388482,FILLED,5,28,1752834015229,12.171320000000001
XRP,SELL,LIMIT,IOC,233.4,3.3973,3.4134,FILLED,233.4,233.4,1752834015260,792.9298200000001
BOME,SELL,LIMIT,IOC,536580,0.0022960,0.0023170,FILLED,300024,536580,1752834015264,1231.98768
IOTA,SELL,LIMIT,IOC,3750.4,0.2352,0.2375,FILLED,3128.2,3750.4,1752834015306,882.09408
XAI,SELL,LIMIT,IOC,30000,0.0639800,0.0644788,FILLED,2855,30000,1752834015311,1919.3999999999999
ARKM,SELL,LIMIT,IOC,3000,0.5796000,0.5853566,FILLED,364,3000,1752834015311,1738.8
THE,SELL,LIMIT,IOC,14.9,0.4030000,0.4089000,FILLED,14.9,14.9,1752834015416,6.004700000000001
PONKE,SELL,LIMIT,IOC,1344,0.1596300,0.1617684,FILLED,778,1344,1752834015468,214.54272
RAYSOL,SELL,LIMIT,IOC,4.2,2.8651000,2.8916000,FILLED,4.2,4.2,1752834015544,12.03342
DOGE,SELL,LIMIT,IOC,1596,0.236070,0.237580,FILLED,1596,1596,1752834015573,376.76772
AIXBT,SELL,LIMIT,IOC,770,0.1682800,0.1697507,FILLED,652,770,1752834015584,129.5756
ANIME,SELL,LIMIT,IOC,7108,0.0191400,0.0193200,FILLED,6737,7108,1752834015584,136.04712
CHILLGUY,SELL,LIMIT,IOC,1511,0.0699800,0.0705784,FILLED,238,1511,1752834015584,105.73978
SXT,SELL,LIMIT,IOC,970,0.0892700,0.0906508,FILLED,705,970,1752834015584,86.5919
BB,SELL,LIMIT,IOC,691,0.1088200,0.1102100,FILLED,600,691,1752834015584,75.19462
USUAL,SELL,LIMIT,IOC,1312,0.0921000,0.0929000,FILLED,1252,1312,1752834015584,120.8352
HMSTR,SELL,LIMIT,IOC,79677,0.0008840,0.0008970,FILLED,36413,79677,1752834015584,70.434468
FIDA,SELL,LIMIT,IOC,1162,0.0938600,0.0947000,FILLED,1162,1162,1752834015584,109.06532
OM,SELL,LIMIT,IOC,504.6,0.2356500,0.2378795,FILLED,21.1,504.6,1752834015584,118.90899
DYM,SELL,LIMIT,IOC,276.6,0.299600,0.304200,FILLED,276.6,276.6,1752834015584,82.86936
ALICE,SELL,LIMIT,IOC,139.9,0.479,0.486,FILLED,139.9,139.9,1752834015584,67.0121
WCT,SELL,LIMIT,IOC,289,0.3371000,0.3405000,FILLED,289,289,1752834015584,97.42190000000001
REI,SELL,LIMIT,IOC,2008,0.0175000,0.0178400,FILLED,2008,2008,1752834015584,35.14
DUSK,SELL,LIMIT,IOC,1370,0.06971,0.07068,FILLED,238,1370,1752834015584,95.50269999999999
ERA,BUY,LIMIT,IOC,124,1.4811000,1.4666177,FILLED,22,124,1752834015584,183.65640000000002
JUP,SELL,LIMIT,IOC,3158,0.5446000,0.5495131,FILLED,918,3158,1752834015622,1719.8467999999998
1000PEPE,SELL,LIMIT,IOC,14109,0.0134505,0.0135192,FILLED,14109,14109,1752834015678,189.77310450000002
ETHFI,SELL,LIMIT,IOC,1778.5,1.3117000,1.3232522,FILLED,849.7,1778.5,1752834015681,2332.85845
TIA,SELL,LIMIT,IOC,994,1.9937000,2.0114007,FILLED,4,994,1752834015681,1981.7378
ETH,SELL,LIMIT,IOC,0.325,3589.64,3603.69,FILLED,0.325,0.325,1752834015681,1166.633
PUMP,SELL,LIMIT,IOC,17260,0.0046170,0.0046680,FILLED,17260,17260,1752834015739,79.68942
SOLUSDC,SELL,LIMIT,IOC,0.98,177.3300,178.1600,FILLED,0.98,0.98,1752834015741,173.7834
1000SHIB,SELL,LIMIT,IOC,7281,0.014760,0.014853,FILLED,7281,7281,1752834015853,107.46756
TRUMP,SELL,LIMIT,IOC,1.42,10.197685,10.303000,FILLED,1.42,1.42,1752834015970,14.4807127
ETC,SELL,LIMIT,IOC,87.67,23.710,23.820,FILLED,18.49,87.67,1752834016125,2078.6557000000003
APT,SELL,LIMIT,IOC,13.6,5.39570,5.45040,FILLED,8.8,13.6,1752834016128,73.38152
1000CAT,SELL,LIMIT,IOC,537618,0.0089380,0.0090609,FILLED,20404,537618,1752834016168,4805.229684
NEIRO,SELL,LIMIT,IOC,697155,0.00052980,0.00053460,FILLED,697155,697155,1752834016202,369.352719
LA,SELL,LIMIT,IOC,2241.7,0.347000,0.349000,FILLED,842.1,2241.7,1752834016223,777.8698999999999
MUBARAK,SELL,LIMIT,IOC,133,0.0452200,0.0456700,FILLED,133,133,1752834016264,6.01426
1000FLOKI,SELL,LIMIT,IOC,365,0.1295300,0.1308100,FILLED,365,365,1752834016299,47.27845
SPX,SELL,LIMIT,IOC,11,1.8385000,1.8568000,FILLED,11,11,1752834016299,20.2235
XRP,SELL,LIMIT,IOC,4264.0,3.3967,3.4136,FILLED,4264.0,4264.0,1752834016358,14483.5288
UXLINK,SELL,LIMIT,IOC,804,0.3559000,0.3613048,FILLED,287,804,1752834016419,286.1436
ARB,SELL,LIMIT,IOC,534.5,0.461100,0.463900,FILLED,370.8,534.5,1752834016419,246.45795
DYDX,SELL,LIMIT,IOC,336.5,0.668,0.674,FILLED,251.4,336.5,1752834016419,224.782
OP,SELL,LIMIT,IOC,400.1,0.7577000,0.7620000,FILLED,400.1,400.1,1752834016419,303.15577
POL,SELL,LIMIT,IOC,11378,0.2404700,0.2427704,FILLED,182,11378,1752834016466,2736.0676599999997
C98,SELL,LIMIT,IOC,14000,0.0588,0.0597,FILLED,14000,14000,1752834016478,823.1999999999999
JELLYJELLY,SELL,LIMIT,IOC,277,0.0216700,0.0220800,FILLED,277,277,1752834016524,6.00259
SOL,SELL,LIMIT,IOC,14.58,177.2300,178.0900,FILLED,14.58,14.58,1752834016550,2584.0134
DOT,SELL,LIMIT,IOC,5.1,4.364,4.392,FILLED,5.1,5.1,1752834016598,22.2564
HOOK,SELL,LIMIT,IOC,1197.8,0.125100,0.126800,FILLED,1197.8,1197.8,1752834016605,149.84478
LINK,SELL,LIMIT,IOC,96.92,18.266,18.360,FILLED,76.29,96.92,1752834016632,1770.34072
TURBO,SELL,LIMIT,IOC,237724,0.0055008,0.0055529,FILLED,540,237724,1752834016650,1307.6721792
1000PEPE,SELL,LIMIT,IOC,3358,0.0134376,0.0135174,FILLED,106,3358,1752834016691,45.1234608
ETH,SELL,LIMIT,IOC,0.036,3588.92,3603.89,FILLED,0.036,0.036,1752834016691,129.20112
WLD,SELL,LIMIT,IOC,452,1.1414000,1.1525000,FILLED,452,452,1752834017060,515.9128
EGLD,SELL,LIMIT,IOC,20.2,17.153,17.308,FILLED,0.8,20.2,1752834017060,346.4906
BAKE,SELL,LIMIT,IOC,1827,0.0944,0.0962,FILLED,1827,1827,1752834017060,172.4688
UNI,SELL,LIMIT,IOC,11,10.4660,10.5300,FILLED,11,11,1752834017064,115.12599999999999
ALT,SELL,LIMIT,IOC,28399,0.0350600,0.0355681,FILLED,5327,28399,1752834017091,995.66894
ORDI,SELL,LIMIT,IOC,41.8,10.812000,10.897000,FILLED,21.2,41.8,1752834017105,451.94159999999994
JUP,SELL,LIMIT,IOC,11235,0.5438000,0.5494372,FILLED,650,11235,1752834017131,6109.593
1000BONK,SELL,LIMIT,IOC,14433,0.0349920,0.0353207,FILLED,3727,14433,1752834017172,505.03953600000006
REZ,SELL,LIMIT,IOC,99324,0.0136900,0.0138800,FILLED,21948,99324,1752834017193,1359.74556
DOGE,SELL,LIMIT,IOC,643,0.236010,0.237590,FILLED,643,643,1752834017209,151.75442999999999
SWARMS,SELL,LIMIT,IOC,498,0.0241300,0.0244800,FILLED,498,498,1752834017213,12.016739999999999
GALA,SELL,LIMIT,IOC,10492,0.01938,0.01957,FILLED,2384,10492,1752834017228,203.33496000000002
CFX,SELL,LIMIT,IOC,13898,0.1067000,0.1077221,FILLED,4002,13898,1752834017237,1482.9166
BB,SELL,LIMIT,IOC,34515,0.1088000,0.1101134,FILLED,65,34515,1752834017315,3755.232
NEIRO,SELL,LIMIT,IOC,8963786,0.00052950,0.00053454,FILLED,307827,8963786,1752834017352,4746.324687
LA,SELL,LIMIT,IOC,279.3,0.346000,0.349000,FILLED,279.3,279.3,1752834017362,96.6378
ICP,SELL,LIMIT,IOC,124,5.884000,5.945000,FILLED,124,124,1752834017364,729.616
AAVE,SELL,LIMIT,IOC,2.1,321.740,324.820,FILLED,2.1,2.1,1752834017375,675.654
ETHFI,SELL,LIMIT,IOC,715.3,1.3106000,1.3231000,FILLED,715.3,715.3,1752834017388,937.47218
WIF,SELL,LIMIT,IOC,825.6,1.0658000,1.0749000,FILLED,249.1,825.6,1752834017408,879.9244800000001
MEW,SELL,LIMIT,IOC,82000,0.0036000,0.0036550,FILLED,82000,82000,1752834017446,295.2
ETHFIUSDC,SELL,LIMIT,IOC,6.8,1.3102000,1.3221000,FILLED,6.8,6.8,1752834017486,8.90936
AIXBT,SELL,LIMIT,IOC,3339,0.1682600,0.1697493,FILLED,221,3339,1752834017486,561.8201399999999
HIPPO,SELL,LIMIT,IOC,13744,0.0024520,0.0024851,FILLED,11330,13744,1752834017532,33.700288
DOGS,SELL,LIMIT,IOC,1718665,0.0001578,0.0001592,FILLED,971068,1718665,1752834017577,271.205337
SOL,SELL,LIMIT,IOC,28.40,177.1900,178.1100,FILLED,4.54,28.40,1752834017736,5032.196
SUSHI,SELL,LIMIT,IOC,109,0.9627,0.9728,FILLED,68,109,1752834018076,104.9343
RSR,SELL,LIMIT,IOC,7983,0.009209,0.009309,FILLED,7983,7983,1752834018191,73.515447
HAEDAL,SELL,LIMIT,IOC,386,0.2030360,0.2056050,FILLED,386,386,1752834018257,78.37189599999999
1000PEPE,SELL,LIMIT,IOC,514,0.0134355,0.0136858,FILLED,514,514,1752834018277,6.905847
LA,SELL,LIMIT,IOC,17.1,0.346000,0.350000,FILLED,17.1,17.1,1752834018450,5.9166
WIF,SELL,LIMIT,IOC,75.5,1.0646000,1.0763000,FILLED,28.5,75.5,1752834018478,80.3773
AIXBT,SELL,LIMIT,IOC,3316,0.1680700,0.1699056,FILLED,547,3316,1752834018494,557.32012
ONDO,SELL,LIMIT,IOC,1715.8,1.0271000,1.0381000,FILLED,520.3,1715.8,1752834018649,1762.2981799999998
KNC,SELL,LIMIT,IOC,22,0.42600,0.43240,FILLED,22,22,1752834018735,9.372
AVAAI,SELL,LIMIT,IOC,15139,0.0419000,0.0465627,FILLED,10929,15139,1752834018750,634.3241
XLM,SELL,LIMIT,IOC,3293,0.47018,0.47495,FILLED,2895,3293,1752834018781,1548.3027399999999
PENDLE,SELL,LIMIT,IOC,682,4.4315000,4.4759585,FILLED,33,682,1752834018781,3022.283
ADA,SELL,LIMIT,IOC,1741,0.84090,0.84570,FILLED,1741,1741,1752834018781,1464.0068999999999
LQTY,SELL,LIMIT,IOC,809.7,1.375300,1.396633,FILLED,159.2,809.7,1752834018781,1113.58041
ETHFI,SELL,LIMIT,IOC,38.4,1.3098000,1.3253000,FILLED,38.4,38.4,1752834018796,50.29632
DOGS,SELL,LIMIT,IOC,740964,0.0001577,0.0001594,FILLED,740964,740964,1752834018852,116.8500228
SUI,SELL,LIMIT,IOC,22.9,3.979400,4.015100,FILLED,22.9,22.9,1752834018889,91.12826
HAEDAL,SELL,LIMIT,IOC,107,0.2029620,0.2059970,FILLED,107,107,1752834019371,21.716934000000002
BABY,SELL,LIMIT,IOC,28278,0.0489800,0.0495329,FILLED,3570,28278,1752834019639,1385.05644
LTC,SELL,LIMIT,IOC,28.329,108.61,109.13,FILLED,4.033,28.329,1752834019646,3076.81269
PIXEL,SELL,LIMIT,IOC,415,0.0436400,0.0443200,FILLED,415,415,1752834019889,18.110599999999998
BOME,SELL,LIMIT,IOC,907732,0.0022939,0.0023188,FILLED,138164,907732,1752834020122,2082.2464348000003
C,SELL,LIMIT,IOC,524,0.4659100,0.4724103,FILLED,66,524,1752834027243,244.13684
SQD,SELL,LIMIT,IOC,973,0.1337800,0.1355464,FILLED,305,973,1752834031572,130.16794000000002
XRP,SELL,LIMIT,IOC,11646.5,3.3957,3.4110,FILLED,11324.2,11646.5,1752834032242,39548.02005
ADA,SELL,LIMIT,IOC,5653,0.84030,0.84410,FILLED,5647,5653,1752834032361,4750.2159
ERA,BUY,LIMIT,IOC,309,1.4823000,1.4662000,FILLED,23,309,1752834033404,458.03069999999997
ADA,SELL,LIMIT,IOC,58,0.84010,0.84390,FILLED,58,58,1752834033428,48.7258
XRP,SELL,LIMIT,IOC,1.6,3.3946,3.4100,FILLED,1.6,1.6,1752834033469,5.431360000000001
ETH,SELL,LIMIT,IOC,0.750,3589.71,3603.32,FILLED,0.750,0.750,1752834033610,2692.2825000000003
XLM,SELL,LIMIT,IOC,1702,0.47001,0.47434,FILLED,244,1702,1752834033610,799.9570199999999
SUSHI,SELL,LIMIT,IOC,1092,0.9620,0.9698,FILLED,154,1092,1752834033610,1050.504
DOGE,SELL,LIMIT,IOC,633,0.235850,0.237380,FILLED,633,633,1752834034052,149.29305
1000FLOKI,SELL,LIMIT,IOC,43,0.1293800,0.1307400,FILLED,43,43,1752834034161,5.56334
1000SHIB,SELL,LIMIT,IOC,20635,0.014757,0.014855,FILLED,20635,20635,1752834034163,304.510695
WIF,SELL,LIMIT,IOC,706.4,1.0650000,1.0761000,FILLED,706.4,706.4,1752834034310,752.3159999999999
PAXG,SELL,LIMIT,IOC,0.075,3319.1800,3352.2900,FILLED,0.075,0.075,1752834034310,248.93849999999998
FARTCOIN,SELL,LIMIT,IOC,136.6,1.4280000,1.4429000,FILLED,108.7,136.6,1752834034412,195.0648
THE,SELL,LIMIT,IOC,15.0,0.4026000,0.4086860,FILLED,2.1,15.0,1752834034534,6.039000000000001
ADA,SELL,LIMIT,IOC,1395,0.83970,0.84370,FILLED,1395,1395,1752834034629,1171.3815
VET,SELL,LIMIT,IOC,3476,0.027327,0.027490,FILLED,3476,3476,1752834035120,94.988652
LTC,SELL,LIMIT,IOC,0.724,108.54,109.06,FILLED,0.031,0.724,1752834035172,78.58296
S,SELL,LIMIT,IOC,297,0.3982000,0.4019000,FILLED,178,297,1752834035230,118.2654
ETH,SELL,LIMIT,IOC,0.022,3588.83,3602.70,FILLED,0.017,0.022,1752834035297,78.95425999999999
XRP,SELL,LIMIT,IOC,32.3,3.3930,3.4094,FILLED,32.3,32.3,1752834036772,109.59389999999999
ETH,SELL,LIMIT,IOC,0.324,3588.45,3602.84,FILLED,0.141,0.324,1752834036789,1162.6578
LINK,SELL,LIMIT,IOC,44.23,18.265,18.358,FILLED,29.18,44.23,1752834036925,807.86095
ADA,SELL,LIMIT,IOC,1969,0.83940,0.84400,FILLED,1969,1969,1752834036935,1652.7786
DOGE,SELL,LIMIT,IOC,5667,0.235800,0.237460,FILLED,5667,5667,1752834037039,1336.2786
BANANAS31,SELL,LIMIT,IOC,1810,0.0073330,0.0074010,FILLED,1060,1810,1752834037204,13.272730000000001
USTC,SELL,LIMIT,IOC,10095,0.0145280,0.0147467,FILLED,2568,10095,1752834037264,146.66016
EIGEN,SELL,LIMIT,IOC,1254.3,1.5144000,1.5300552,FILLED,124.0,1254.3,1752834037267,1899.51192
BNT,SELL,LIMIT,IOC,64,0.7791400,0.7905687,FILLED,1,64,1752834037459,49.86496
XRP,SELL,LIMIT,IOC,1177.6,3.3930,3.4129,FILLED,197.4,1177.6,1752834038002,3995.5967999999993
THE,SELL,LIMIT,IOC,16853.6,0.3902000,0.4086387,FILLED,266.1,16853.6,1752834038960,6576.274719999999
W,SELL,LIMIT,IOC,400.6,0.0906200,0.0916100,FILLED,400.6,400.6,1752834039109,36.302372000000005
SPK,SELL,LIMIT,IOC,2292,0.0345300,0.0349000,FILLED,1622,2292,1752834039227,79.14276
C,SELL,LIMIT,IOC,387,0.4652300,0.4687060,FILLED,82,387,1752834040197,180.04401
BTC,SELL,LIMIT,IOC,0.003,118051.60,118528.40,FILLED,0.003,0.003,1752834040212,354.1548
RESOLV,SELL,LIMIT,IOC,673,0.1530900,0.1553700,FILLED,673,673,1752834040212,103.02957
CTK,SELL,LIMIT,IOC,594,0.3370000,0.3405000,FILLED,594,594,1752834040212,200.17800000000003
ERA,BUY,LIMIT,IOC,24,1.4831000,1.4704000,FILLED,24,24,1752834041318,35.5944
C,SELL,LIMIT,IOC,2129,0.4629900,0.4675176,FILLED,124,2129,1752834043175,985.7057100000001
SAHARA,BUY,LIMIT,IOC,827,0.0924000,0.0915300,FILLED,827,827,1752834043182,76.4148
C,SELL,LIMIT,IOC,171,0.4607000,0.4674100,FILLED,171,171,1752834044529,78.7797
SAHARA,BUY,LIMIT,IOC,158,0.0925200,0.0915600,FILLED,158,158,1752834047183,14.618160000000001
SAHARA,BUY,LIMIT,IOC,455,0.0927400,0.0917100,FILLED,455,455,1752834048193,42.1967
SOPH,SELL,LIMIT,IOC,350,0.0348300,0.0351650,FILLED,350,350,1752834048193,12.1905
XRP,BUY,LIMIT,IOC,3.3,3.4319,3.4159,FILLED,3.3,3.3,1752834048193,11.32527
TAC,BUY,LIMIT,IOC,10409,0.0197200,0.0194700,FILLED,4342,10409,1752834048295,205.26548000000003
BTC,SELL,LIMIT,IOC,0.005,118067.60,118524.00,FILLED,0.005,0.005,1752834048295,590.3380000000001
C,SELL,LIMIT,IOC,656,0.4597800,0.4657032,FILLED,441,656,1752834056374,301.61568
TAC,BUY,LIMIT,IOC,662,0.0197400,0.0195200,FILLED,662,662,1752834057100,13.06788
ERA,BUY,LIMIT,IOC,12,1.4831000,1.4703000,FILLED,12,12,1752834057100,17.7972
C,BUY,LIMIT,IOC,1449,0.4774800,0.4726469,FILLED,294,1449,1752834066659,691.86852
DYDX,SELL,LIMIT,IOC,1262.4,0.668,0.675,FILLED,1262.4,1262.4,1752834070989,843.2832000000001
C,SELL,LIMIT,IOC,128,0.4619700,0.4661400,FILLED,128,128,1752834073509,59.13216
TAC,BUY,LIMIT,IOC,4037,0.0197900,0.0196800,FILLED,3280,4037,1752834074363,79.89223
C,SELL,LIMIT,IOC,11,0.4601500,0.4657900,FILLED,11,11,1752834075645,5.06165
TAC,BUY,LIMIT,IOC,18344,0.0199100,0.0198148,FILLED,8845,18344,1752834076062,365.22904
PUMP,SELL,LIMIT,IOC,35499,0.0046490,0.0046880,FILLED,35499,35499,1752834076398,165.034851
C,SELL,LIMIT,IOC,203,0.4595200,0.4650303,FILLED,133,203,1752834077049,93.28256
TAC,BUY,LIMIT,IOC,1500,0.0199700,0.0197800,FILLED,1500,1500,1752834077577,29.955000000000002
C,SELL,LIMIT,IOC,95,0.4593500,0.4636994,FILLED,5,95,1752834078113,43.63825
TAC,BUY,LIMIT,IOC,6271,0.0200000,0.0198000,FILLED,6271,6271,1752834079282,125.42
ERA,BUY,LIMIT,IOC,21,1.4808000,1.4675000,FILLED,3,21,1752834079282,31.096799999999998
PUMP,BUY,LIMIT,IOC,10860,0.0047330,0.0046910,FILLED,4055,10860,1752834079282,51.400380000000006
C,SELL,LIMIT,IOC,174,0.4584200,0.4638178,FILLED,130,174,1752834079599,79.76508
C,SELL,LIMIT,IOC,72,0.4582700,0.4639900,FILLED,72,72,1752834081584,32.99544
C,SELL,LIMIT,IOC,10482,0.4576100,0.4641087,FILLED,202,10482,1752834084104,4796.66802
TAC,BUY,LIMIT,IOC,82264,0.0201000,0.0198707,FILLED,990,82264,1752834084187,1653.5064
SAHARA,SELL,LIMIT,IOC,21968,0.0895900,0.0905104,FILLED,2613,21968,1752834084608,1968.11312
TAC,BUY,LIMIT,IOC,13032,0.0201300,0.0198400,FILLED,13032,13032,1752834087262,262.33416
C,BUY,LIMIT,IOC,365,0.4762800,0.4682211,FILLED,309,365,1752834088099,173.8422
TAC,BUY,LIMIT,IOC,36612,0.0201600,0.0198988,FILLED,7493,36612,1752834089587,738.09792
SAHARA,SELL,LIMIT,IOC,11498,0.0895000,0.0903579,FILLED,563,11498,1752834091236,1029.071
SQD,SELL,LIMIT,IOC,719,0.1318900,0.1332600,FILLED,719,719,1752834091542,94.82891000000001
WCT,BUY,LIMIT,IOC,21,0.3452000,0.3421000,FILLED,6,21,1752834096372,7.2492
C,BUY,LIMIT,IOC,243,0.4785200,0.4709900,FILLED,148,243,1752834097553,116.28036
BCH,SELL,LIMIT,IOC,7.475,528.06,529.51,FILLED,6.699,7.475,1752834100384,3947.2484999999992
TAC,BUY,LIMIT,IOC,23880,0.0202400,0.0200100,FILLED,2096,23880,1752834100410,483.3312
CROSS,BUY,LIMIT,IOC,692,0.2840400,0.2807118,FILLED,131,692,1752834111584,196.55568000000002
CROSS,BUY,LIMIT,IOC,280,0.2845600,0.2841021,FILLED,126,280,1752834115050,79.6768
TAC,BUY,LIMIT,IOC,71296,0.0203100,0.0200750,FILLED,4101,71296,1752834115238,1448.02176
ERA,BUY,LIMIT,IOC,1065,1.4804000,1.4648359,FILLED,164,1065,1752834115264,1576.626
C,SELL,LIMIT,IOC,613,0.4648400,0.4710368,FILLED,194,613,1752834115264,284.94692
TAC,BUY,LIMIT,IOC,5435,0.0203900,0.0200827,FILLED,1481,5435,1752834116581,110.81965
CROSS,BUY,LIMIT,IOC,197,0.2859400,0.2824700,FILLED,197,197,1752834117356,56.330180000000006
C,BUY,LIMIT,IOC,212,0.4798900,0.4737301,FILLED,1,212,1752834118038,101.73667999999999
TAC,BUY,LIMIT,IOC,2115,0.0204000,0.0200900,FILLED,2115,2115,1752834120418,43.146
C,BUY,LIMIT,IOC,30,0.4820200,0.4751100,FILLED,30,30,1752834120613,14.4606
TAC,BUY,LIMIT,IOC,27563,0.0204200,0.0202462,FILLED,13919,27563,1752834124163,562.83646
VELVET,SELL,LIMIT,IOC,12008,0.0734000,0.0746949,FILLED,1053,12008,1752834124412,881.3872000000001
TAC,BUY,LIMIT,IOC,340,0.0204600,0.0202323,FILLED,80,340,1752834125208,6.9563999999999995
C,BUY,LIMIT,IOC,237,0.4837300,0.4784500,FILLED,28,237,1752834126435,114.64401
TAC,BUY,LIMIT,IOC,788,0.0204900,0.0202200,FILLED,788,788,1752834126558,16.14612
C,BUY,LIMIT,IOC,144,0.4851600,0.4799300,FILLED,144,144,1752834127463,69.86304
XVG,SELL,LIMIT,IOC,33094,0.0073399,0.0074365,FILLED,875,33094,1752834128195,242.9066506
C,BUY,LIMIT,IOC,1784,0.4871000,0.4799954,FILLED,1176,1784,1752834128483,868.9864
ERA,SELL,LIMIT,IOC,437,1.4524000,1.4651000,FILLED,437,437,1752834128548,634.6988
TRB,SELL,LIMIT,IOC,49.8,44.496,44.885,FILLED,0.1,49.8,1752834128560,2215.9008
TAC,BUY,LIMIT,IOC,5357,0.0204500,0.0201700,FILLED,5357,5357,1752834128610,109.55064999999999
HAEDAL,BUY,LIMIT,IOC,1236,0.2101550,0.2068977,FILLED,6,1236,1752834128688,259.75158
MKR,SELL,LIMIT,IOC,0.140,2068.90,2079.77,FILLED,0.038,0.140,1752834129568,289.646
CROSS,BUY,LIMIT,IOC,3916,0.2864400,0.2824925,FILLED,2256,3916,1752834131128,1121.69904
C,BUY,LIMIT,IOC,3177,0.4874300,0.4806548,FILLED,547,3177,1752834132587,1548.56511
CROSS,BUY,LIMIT,IOC,305,0.2871900,0.2837700,FILLED,85,305,1752834135112,87.59295
LDO,SELL,LIMIT,IOC,2096,1.068200,1.074700,FILLED,488,2096,1752834136466,2238.9472
CROSS,BUY,LIMIT,IOC,23,0.2878600,0.2843800,FILLED,23,23,1752834136489,6.62078
C,SELL,LIMIT,IOC,200,0.4705500,0.4750100,FILLED,200,200,1752834137200,94.11
C,SELL,LIMIT,IOC,14,0.4695188,0.4718300,FILLED,14,14,1752834138902,6.5732632
C,SELL,LIMIT,IOC,847,0.4671700,0.4713827,FILLED,731,847,1752834140048,395.69298999999995
LTC,SELL,LIMIT,IOC,10.000,108.50,109.02,FILLED,8.465,10.000,1752834140361,1085.0
TAC,SELL,LIMIT,IOC,87592,0.0195800,0.0198300,FILLED,87592,87592,1752834151234,1715.05136
C,SELL,LIMIT,IOC,392,0.4648300,0.4718000,FILLED,180,392,1752834152056,182.21336
AVAAI,SELL,LIMIT,IOC,13659,0.0418600,0.0465732,FILLED,6239,13659,1752834153084,571.76574
PUMP,BUY,LIMIT,IOC,2171348,0.0047670,0.0047253,FILLED,139674,2171348,1752834157117,10350.815916000001
C,BUY,LIMIT,IOC,493,0.4829600,0.4773446,FILLED,11,493,1752834158506,238.09928
C,SELL,LIMIT,IOC,168,0.4674000,0.4744000,FILLED,168,168,1752834163436,78.5232
FARTCOIN,SELL,LIMIT,IOC,241.5,1.4277000,1.4417000,FILLED,74.1,241.5,1752834176476,344.78955
C,BUY,LIMIT,IOC,315,0.4839000,0.4784849,FILLED,50,315,1752834177084,152.42849999999999
AVAAI,SELL,LIMIT,IOC,19220,0.0418400,0.0465141,FILLED,4083,19220,1752834183464,804.1648
TAC,BUY,LIMIT,IOC,387,0.0205400,0.0202500,FILLED,387,387,1752834186241,7.94898
M,BUY,LIMIT,IOC,233,0.3586000,0.3540000,FILLED,233,233,1752834190306,83.5538
TAC,BUY,LIMIT,IOC,75202,0.0206200,0.0203693,FILLED,4053,75202,1752834194082,1550.66524
TAC,BUY,LIMIT,IOC,50000,0.0206800,0.0206000,FILLED,40629,50000,1752834198351,1034.0
TAC,BUY,LIMIT,IOC,15276,0.0207700,0.0205600,FILLED,5908,15276,1752834199455,317.28252
BANANAS31,SELL,LIMIT,IOC,48355,0.0073150,0.0073763,FILLED,31409,48355,1752834199455,353.71682500000003
TAC,BUY,LIMIT,IOC,77689,0.0208700,0.0206880,FILLED,7715,77689,1752834203368,1621.36943
POLYX,BUY,LIMIT,IOC,33,0.1631700,0.1608800,FILLED,33,33,1752834203368,5.38461
1000CHEEMS,SELL,LIMIT,IOC,3190,0.0015009,0.0015160,FILLED,3190,3190,1752834203368,4.787871
FORTH,BUY,LIMIT,IOC,1.9,2.748000,2.710000,FILLED,1.9,1.9,1752834203368,5.2212000000000005
C,SELL,LIMIT,IOC,15,0.4644300,0.4711800,FILLED,15,15,1752834204323,6.96645
FXS,BUY,LIMIT,IOC,680.0,3.489300,3.455805,FILLED,1.8,680.0,1752834212444,2372.724
TAC,BUY,LIMIT,IOC,49898,0.0209300,0.0207079,FILLED,2857,49898,1752834215068,1044.36514
TAC,BUY,LIMIT,IOC,22639,0.0209700,0.0207500,FILLED,20570,22639,1752834219406,474.73983
TAC,BUY,LIMIT,IOC,8501,0.0210100,0.0208500,FILLED,2884,8501,1752834222192,178.60601
TAC,BUY,LIMIT,IOC,1101,0.0211100,0.0208700,FILLED,1101,1101,1752834223277,23.24211
FARTCOIN,BUY,LIMIT,IOC,338.3,1.4623000,1.4495000,FILLED,72.1,338.3,1752834226371,494.69608999999997
TAC,BUY,LIMIT,IOC,120366,0.0211500,0.0208935,FILLED,9431,120366,1752834229476,2545.7409
TAC,BUY,LIMIT,IOC,536,0.0211700,0.0208900,FILLED,536,536,1752834230624,11.34712
TAC,BUY,LIMIT,IOC,3491,0.0211900,0.0209100,FILLED,1272,3491,1752834233258,73.97429
ERA,BUY,LIMIT,IOC,20,1.4798000,1.4669000,FILLED,20,20,1752834233258,29.596
LUNA2,BUY,LIMIT,IOC,1041,0.1838000,0.1814000,FILLED,1041,1041,1752834233258,191.33579999999998
SANTOS,BUY,LIMIT,IOC,2.6,2.4260000,2.4020000,FILLED,2.6,2.6,1752834243334,6.307600000000001
C,BUY,LIMIT,IOC,5285,0.4818200,0.4779575,FILLED,374,5285,1752834244323,2546.4187
TAC,SELL,LIMIT,IOC,50148,0.0203500,0.0206000,FILLED,26373,50148,1752834244498,1020.5118
C,BUY,LIMIT,IOC,40,0.4838600,0.4760300,FILLED,40,40,1752834245576,19.354400000000002
FARTCOIN,BUY,LIMIT,IOC,68.9,1.4661000,1.4506000,FILLED,68.9,68.9,1752834245713,101.01429
PUMP,SELL,LIMIT,IOC,93876,0.0046390,0.0046840,FILLED,93876,93876,1752834247561,435.490764
C,BUY,LIMIT,IOC,1200,0.4843700,0.4778952,FILLED,616,1200,1752834248410,581.244
FXS,BUY,LIMIT,IOC,15.0,3.490300,3.458000,FILLED,15.0,15.0,1752834249254,52.3545
KAITO,BUY,LIMIT,IOC,3.5,1.704500,1.688400,FILLED,0.2,3.5,1752834250123,5.96575
ETHFI,BUY,LIMIT,IOC,81.7,1.3451000,1.3321000,FILLED,81.7,81.7,1752834250241,109.89467
HAEDAL,BUY,LIMIT,IOC,262,0.2110630,0.2082314,FILLED,84,262,1752834253048,55.298506
TRUMP,BUY,LIMIT,IOC,20.25,10.465000,10.365000,FILLED,20.25,20.25,1752834255393,211.91625
FXS,BUY,LIMIT,IOC,3.7,3.491800,3.463600,FILLED,3.7,3.7,1752834255409,12.91966
SANTOS,BUY,LIMIT,IOC,2.8,2.4540000,2.4120000,FILLED,0.5,2.8,1752834256111,6.8712
HYPER,BUY,LIMIT,IOC,15,0.3718000,0.3683000,FILLED,15,15,1752834256612,5.577
FXS,BUY,LIMIT,IOC,77.0,3.495900,3.464836,FILLED,15.3,77.0,1752834257073,269.1843
VIRTUAL,BUY,LIMIT,IOC,123.8,1.8665000,1.8481000,FILLED,71.2,123.8,1752834263579,231.0727
C,SELL,LIMIT,IOC,995,0.4675200,0.4739508,FILLED,124,995,1752834265369,465.1824
TAC,BUY,LIMIT,IOC,248,0.0212000,0.0210600,FILLED,248,248,1752834270524,5.2576
TAC,BUY,LIMIT,IOC,20281,0.0212300,0.0211229,FILLED,7790,20281,1752834271680,430.56563
ICNT,BUY,LIMIT,IOC,100,0.2651000,0.2614530,FILLED,53,100,1752834271680,26.51
ERA,BUY,LIMIT,IOC,50,1.4787000,1.4642000,FILLED,50,50,1752834271680,73.935
NEWT,BUY,LIMIT,IOC,290,0.3316000,0.3287000,FILLED,290,290,1752834272455,96.164
DOGE,BUY,LIMIT,IOC,2073,0.240820,0.239310,FILLED,646,2073,1752834273118,499.21986000000004
DOGE,BUY,LIMIT,IOC,222,0.240850,0.239350,FILLED,161,222,1752834274386,53.4687
C,SELL,LIMIT,IOC,84,0.4634300,0.4688000,FILLED,84,84,1752834287199,38.92812
C,SELL,LIMIT,IOC,1514,0.4632700,0.4686613,FILLED,671,1514,1752834290295,701.3907800000001
C,SELL,LIMIT,IOC,51,0.4631000,0.4689700,FILLED,51,51,1752834291466,23.618100000000002
TAC,SELL,LIMIT,IOC,31356,0.0206000,0.0209337,FILLED,1549,31356,1752834291498,645.9336
SUI,BUY,LIMIT,IOC,92.3,4.086100,4.050100,FILLED,35.3,92.3,1752834293189,377.14703
C,SELL,LIMIT,IOC,106,0.4615900,0.4668800,FILLED,106,106,1752834301168,48.92854
C,SELL,LIMIT,IOC,45,0.4606600,0.4673500,FILLED,45,45,1752834303068,20.7297
NEIROETH,SELL,LIMIT,IOC,1079,0.1321400,0.1339977,FILLED,122,1079,1752834310422,142.57906
TAC,SELL,LIMIT,IOC,3629,0.0206000,0.0208800,FILLED,3629,3629,1752834317235,74.7574
C,SELL,LIMIT,IOC,319,0.4601600,0.4625303,FILLED,88,319,1752834318426,146.79104
C,SELL,LIMIT,IOC,3893,0.4599500,0.4636041,FILLED,141,3893,1752834319490,1790.58535
AIN,BUY,LIMIT,IOC,5580,0.1551300,0.1528530,FILLED,3250,5580,1752834320182,865.6253999999999
ETH,BUY,LIMIT,IOC,0.430,3628.05,3614.80,FILLED,0.430,0.430,1752834320182,1560.0615
C,SELL,LIMIT,IOC,12,0.4585874,0.4634700,FILLED,12,12,1752834321000,5.5030488
ETH,BUY,LIMIT,IOC,15.526,3629.61,3615.75,FILLED,12.619,15.526,1752834323532,56353.32486
AIN,BUY,LIMIT,IOC,11293,0.1555900,0.1534020,FILLED,840,11293,1752834324385,1757.07787
C,BUY,LIMIT,IOC,172,0.4746500,0.4675543,FILLED,56,172,1752834326154,81.63980000000001
C,BUY,LIMIT,IOC,359,0.4765500,0.4722800,FILLED,32,359,1752834330253,171.08145
SANTOS,BUY,LIMIT,IOC,5.5,2.4600000,2.4330000,FILLED,5.5,5.5,1752834331485,13.53
XLM,BUY,LIMIT,IOC,1611,0.48334,0.47859,FILLED,189,1611,1752834332153,778.66074
SANTOS,BUY,LIMIT,IOC,5.5,2.4610000,2.4280000,FILLED,5.5,5.5,1752834332562,13.535499999999999
TAC,SELL,LIMIT,IOC,668,0.0205500,0.0208400,FILLED,668,668,1752834336268,13.7274
VELVET,BUY,LIMIT,IOC,1356,0.0779600,0.0769900,FILLED,1356,1356,1752834337597,105.71376000000001
VELVET,BUY,LIMIT,IOC,440,0.0780900,0.0770500,FILLED,440,440,1752834339672,34.3596
XRP,BUY,LIMIT,IOC,734.4,3.4519,3.4352,FILLED,734.4,734.4,1752834340268,2535.0753600000003
ONT,BUY,LIMIT,IOC,161.7,0.1582,0.1560,FILLED,161.7,161.7,1752834340464,25.58094
TAC,BUY,LIMIT,IOC,3001,0.0212600,0.0210500,FILLED,1607,3001,1752834347339,63.801260000000006
VELVET,BUY,LIMIT,IOC,666,0.0781000,0.0771800,FILLED,666,666,1752834347339,52.0146
TAC,BUY,LIMIT,IOC,139044,0.0213900,0.0211036,FILLED,20872,139044,1752834354596,2974.15116
IDOL,SELL,LIMIT,IOC,76663,0.0168300,0.0170856,FILLED,10194,76663,1752834354596,1290.23829
SAHARA,SELL,LIMIT,IOC,13613,0.0899900,0.0909595,FILLED,90,13613,1752834354596,1225.03387
TAC,BUY,LIMIT,IOC,11108,0.0215000,0.0213000,FILLED,11108,11108,1752834358294,238.82199999999997
TAC,BUY,LIMIT,IOC,1500,0.0215100,0.0211600,FILLED,1500,1500,1752834359454,32.265
XRP,BUY,LIMIT,IOC,4428.8,3.4551,3.4387,FILLED,1728.1,4428.8,1752834361540,15301.94688
TAC,BUY,LIMIT,IOC,1100000,0.0217000,0.0213511,FILLED,1811,1100000,1752834362353,23870.0
AEVO,BUY,LIMIT,IOC,2512.5,0.1217000,0.1200000,FILLED,2512.5,2512.5,1752834363142,305.77125
TAC,BUY,LIMIT,IOC,14492,0.0216000,0.0213406,FILLED,882,14492,1752834364549,313.0272
TAC,BUY,LIMIT,IOC,494,0.0217000,0.0213900,FILLED,494,494,1752834369106,10.719800000000001
CROSS,SELL,LIMIT,IOC,367,0.2746300,0.2782052,FILLED,174,367,1752834379246,100.78921
SAHARA,BUY,LIMIT,IOC,341,0.0928900,0.0920335,FILLED,60,341,1752834380140,31.67549
SAHARA,BUY,LIMIT,IOC,6227,0.0929300,0.0921421,FILLED,3546,6227,1752834381264,578.67511
SAHARA,BUY,LIMIT,IOC,60000,0.0930200,0.0923752,FILLED,729,60000,1752834383035,5581.200000000001
C,BUY,LIMIT,IOC,5212,0.4761800,0.4693254,FILLED,103,5212,1752834383084,2481.85016
TAC,BUY,LIMIT,IOC,110011,0.0217700,0.0215351,FILLED,5432,110011,1752834383084,2394.9394700000003
ERA,SELL,LIMIT,IOC,177,1.4566000,1.4704237,FILLED,135,177,1752834383084,257.8182
TAC,BUY,LIMIT,IOC,956,0.0218200,0.0215500,FILLED,956,956,1752834384182,20.85992
SAHARA,BUY,LIMIT,IOC,330,0.0930800,0.0924900,FILLED,63,330,1752834384635,30.7164
MKR,SELL,LIMIT,IOC,0.664,2055.70,2065.30,FILLED,0.654,0.664,1752834385225,1364.9848
SAHARA,BUY,LIMIT,IOC,4000,0.0933200,0.0924633,FILLED,613,4000,1752834386086,373.28
C,SELL,LIMIT,IOC,586,0.4614400,0.4665309,FILLED,151,586,1752834388116,270.40384
C,SELL,LIMIT,IOC,100,0.4605700,0.4682700,FILLED,100,100,1752834391502,46.056999999999995
C,SELL,LIMIT,IOC,1161,0.4602200,0.4659325,FILLED,107,1161,1752834395402,534.31542
VELVET,BUY,LIMIT,IOC,1074,0.0781500,0.0770518,FILLED,195,1074,1752834401229,83.9331
TAC,BUY,LIMIT,IOC,38245,0.0219500,0.0216900,FILLED,38245,38245,1752834403095,839.47775
C,SELL,LIMIT,IOC,571,0.4591400,0.4646942,FILLED,163,571,1752834403533,262.16894
TAC,BUY,LIMIT,IOC,677,0.0219800,0.0215700,FILLED,677,677,1752834405489,14.88046
TAC,BUY,LIMIT,IOC,209433,0.0220000,0.0217272,FILLED,713,209433,1752834409139,4607.526
ERA,SELL,LIMIT,IOC,34,1.4551000,1.4679000,FILLED,34,34,1752834409151,49.473400000000005
C,SELL,LIMIT,IOC,8011,0.4579900,0.4629686,FILLED,1677,8011,1752834414192,3668.95789
