timestamp,Open,High,Low,Close,Volume,fvg_type,fvg_high,fvg_low,fvg_size,fvg_mitigated_index,swingline,swingvalue,highest_low,lowest_high,swingpoint,Support,Resistance,Bullish_Order_Block_Top,Bullish_Order_Block_Bottom,Bullish_Order_Block_Mitigated,Bearish_Order_Block_Top,Bearish_Order_Block_Bottom,Bearish_Order_Block_Mitigated,BOS,CHoCH,trend_bias,CurrentRetracement,DeepestRetracement,fib_signal,retest_signal
2025-07-10 00:00:00+00:00,0.86209,0.86209,0.86192,0.86192,6,,,,,,-1,0.86192,0.86192,0.86209,,,,,,0,,,0,,,,,,,
2025-07-10 00:05:00+00:00,0.86192,0.86204,0.86192,0.86202,24,,,,,,-1,0.86204,0.86192,0.86204,,,,,,0,,,0,,,,,,,
2025-07-10 00:10:00+00:00,0.86202,0.86228,0.86189,0.86199,87,,,,,,-1,0.86204,0.86192,0.86204,-1.0,0.86189,,0.86192,0.86189,0,,,0,,,,,,,
2025-07-10 00:15:00+00:00,0.86199,0.862,0.86192,0.86192,22,,,,,,-1,0.862,0.86192,0.862,,0.86189,,0.86192,0.86189,1,,,0,,,,,,,
2025-07-10 00:20:00+00:00,0.86191,0.86208,0.86191,0.86204,58,,,,,,-1,0.862,0.86192,0.862,,0.86189,,0.86192,0.86189,0,,,0,,,,,,,
2025-07-10 00:25:00+00:00,0.86204,0.86204,0.8619,0.8619,17,,,,,,-1,0.862,0.86192,0.862,,0.86189,,0.86192,0.86189,1,,,0,,,,,,,
2025-07-10 00:30:00+00:00,0.86192,0.86213,0.86191,0.86212,21,1.0,0.86217,0.86204,1.3,2025-07-10 09:35:00+00:00,-1,0.862,0.86192,0.862,,0.86189,,0.86192,0.86189,0,,,0,,,,,,,
2025-07-10 00:35:00+00:00,0.86212,0.86226,0.86212,0.86217,30,,,,,,1,0.86212,0.86212,0.862,,0.86189,,0.86192,0.86189,0,,,0,,,,,,,
2025-07-10 00:40:00+00:00,0.86217,0.86233,0.86217,0.86227,91,,,,,,1,0.86217,0.86217,0.862,,0.86189,,0.86192,0.86189,0,,,0,,,,,,,
2025-07-10 00:45:00+00:00,0.86227,0.86229,0.86219,0.86221,54,,,,,,1,0.86219,0.86219,0.862,,0.86189,,0.86192,0.86189,0,,,0,,,,,,,
2025-07-10 00:50:00+00:00,0.86221,0.86228,0.86218,0.86226,55,,,,,,1,0.86219,0.86219,0.862,,0.86189,,0.86192,0.86189,0,,,0,,,,,,,
2025-07-10 00:55:00+00:00,0.86226,0.86252,0.86219,0.86248,59,1.0,0.86266,0.86228,3.8,2025-07-10 09:15:00+00:00,1,0.86219,0.86219,0.862,,0.86189,,0.86192,0.86189,0,,,0,,,,,,,
2025-07-10 01:00:00+00:00,0.86246,0.86275,0.86244,0.86266,138,,,,,,1,0.86244,0.86244,0.862,,0.86189,,0.86192,0.86189,0,,,0,,,,,,,
2025-07-10 01:05:00+00:00,0.86266,0.86275,0.86266,0.86275,95,,,,,,1,0.86266,0.86266,0.862,,0.86189,,0.86192,0.86189,0,,,0,,,,,,,
2025-07-10 01:10:00+00:00,0.86275,0.86276,0.86265,0.86266,103,,,,,,1,0.86266,0.86266,0.862,,0.86189,,0.86192,0.86189,0,,,0,,,,,,,
2025-07-10 01:15:00+00:00,0.86266,0.86267,0.86258,0.8626,86,-1.0,0.86265,0.86262,0.3,2025-07-10 01:35:00+00:00,1,0.86266,0.86266,0.862,,0.86189,,0.86192,0.86189,0,,,0,,,,,,,
2025-07-10 01:20:00+00:00,0.8626,0.86262,0.86259,0.8626,67,,,,,,1,0.86262,0.86266,0.86262,,0.86189,,0.86192,0.86189,0,,,0,,,,,,,
2025-07-10 01:25:00+00:00,0.8626,0.86262,0.8626,0.86262,24,,,,,,1,0.86262,0.86266,0.86262,,0.86189,,0.86192,0.86189,0,,,0,,,,,,,
2025-07-10 01:30:00+00:00,0.86262,0.86264,0.86261,0.86263,49,,,,,,1,0.86262,0.86266,0.86262,,0.86189,,0.86192,0.86189,0,,,0,,,,,,,
2025-07-10 01:35:00+00:00,0.86263,0.86265,0.86258,0.86264,46,,,,,,1,0.86262,0.86266,0.86262,,0.86189,,0.86192,0.86189,0,,,0,,,,,,,
2025-07-10 01:40:00+00:00,0.86264,0.86269,0.86263,0.86267,36,,,,,,1,0.86263,0.86263,0.86262,,0.86189,,0.86192,0.86189,0,,,0,,,,,,,
2025-07-10 01:45:00+00:00,0.86267,0.86267,0.86261,0.86267,29,,,,,,1,0.86263,0.86263,0.86262,,0.86189,,0.86192,0.86189,0,,,0,,,,,,,
2025-07-10 01:50:00+00:00,0.86267,0.86273,0.86267,0.86272,31,1.0,0.86269,0.86267,0.2,2025-07-10 02:00:00+00:00,1,0.86267,0.86267,0.86262,,0.86189,,0.86192,0.86189,0,,,0,,,,,,,
2025-07-10 01:55:00+00:00,0.86272,0.86275,0.86269,0.86274,35,,,,,,1,0.86269,0.86269,0.86262,,0.86189,,0.86192,0.86189,0,,,0,,,,,,,
2025-07-10 02:00:00+00:00,0.86274,0.86274,0.86266,0.8627,39,,,,,,1,0.86269,0.86269,0.86262,,0.86189,,0.86192,0.86189,0,,,0,,,,,,,
2025-07-10 02:05:00+00:00,0.86271,0.86274,0.86266,0.86271,32,,,,,,1,0.86269,0.86269,0.86262,,0.86189,,0.86192,0.86189,0,,,0,,,,,,,
2025-07-10 02:10:00+00:00,0.86271,0.86274,0.86268,0.86274,22,,,,,,1,0.86269,0.86269,0.86262,,0.86189,,0.86192,0.86189,0,,,0,,,,,,,
2025-07-10 02:15:00+00:00,0.86274,0.86277,0.86271,0.86272,41,,,,,,1,0.86271,0.86271,0.86262,,0.86189,,0.86192,0.86189,0,,,0,,,,,,,
2025-07-10 02:20:00+00:00,0.86272,0.86278,0.86268,0.86272,66,,,,,,1,0.86271,0.86271,0.86262,,0.86189,,0.86192,0.86189,0,,,0,,,,,,,
2025-07-10 02:25:00+00:00,0.86272,0.86282,0.86272,0.86281,59,1.0,0.8628,0.86278,0.2,2025-07-10 03:50:00+00:00,1,0.86272,0.86272,0.86262,,0.86189,,0.86192,0.86189,0,,,0,,,,,,,
2025-07-10 02:30:00+00:00,0.86281,0.86286,0.8628,0.86282,48,,,,,,1,0.8628,0.8628,0.86262,,0.86189,,0.86192,0.86189,0,,,0,,,,,,,
2025-07-10 02:35:00+00:00,0.86282,0.86297,0.86282,0.86296,73,,,,,,1,0.86282,0.86282,0.86262,,0.86189,,0.86192,0.86189,0,,,0,,,,,,,
2025-07-10 02:40:00+00:00,0.86296,0.86296,0.86284,0.86289,79,,,,,,1,0.86284,0.86284,0.86262,,0.86189,,0.86192,0.86189,0,,,0,,,,,,,
2025-07-10 02:45:00+00:00,0.86289,0.86294,0.86286,0.86293,61,,,,,,1,0.86286,0.86286,0.86262,,0.86189,,0.86192,0.86189,0,,,0,,,,,,,
2025-07-10 02:50:00+00:00,0.86293,0.86296,0.86288,0.86295,96,,,,,,1,0.86288,0.86288,0.86262,,0.86189,,0.86192,0.86189,0,,,0,,,,,,,
2025-07-10 02:55:00+00:00,0.86295,0.86329,0.86292,0.86317,230,1.0,0.86312,0.86296,1.6,2025-07-10 03:50:00+00:00,1,0.86292,0.86292,0.86262,,0.86189,,0.86192,0.86189,0,,,0,,,,,,,
2025-07-10 03:00:00+00:00,0.86319,0.8633,0.86312,0.86317,285,,,,,,1,0.86312,0.86312,0.86262,,0.86189,,0.86192,0.86189,0,,,0,,,,,,,
2025-07-10 03:05:00+00:00,0.86317,0.86335,0.86313,0.86329,328,,,,,,1,0.86313,0.86313,0.86262,,0.86189,,0.86192,0.86189,0,,,0,,,,,,,
2025-07-10 03:10:00+00:00,0.86331,0.86338,0.86319,0.86326,326,,,,,,1,0.86319,0.86319,0.86262,1.0,0.86189,0.86338,0.86192,0.86189,0,0.86338,0.86319,1,,,,,,,
2025-07-10 03:15:00+00:00,0.86326,0.86326,0.86315,0.86326,223,,,,,,1,0.86319,0.86319,0.86262,,0.86189,0.86338,0.86192,0.86189,0,0.86338,0.86319,1,,,,,,,
2025-07-10 03:20:00+00:00,0.86326,0.86326,0.86315,0.86322,160,,,,,,1,0.86319,0.86319,0.86262,,0.86189,0.86338,0.86192,0.86189,0,0.86338,0.86319,1,,,,,,,
2025-07-10 03:25:00+00:00,0.86322,0.86324,0.86303,0.86308,132,-1.0,0.86315,0.86313,0.2,2025-07-10 03:45:00+00:00,1,0.86319,0.86319,0.86262,,0.86189,0.86338,0.86192,0.86189,0,0.86338,0.86319,0,,,,,,,
2025-07-10 03:30:00+00:00,0.8631,0.86313,0.863,0.86308,177,,,,,,-1,0.86313,0.86319,0.86313,,0.86189,0.86338,0.86192,0.86189,0,0.86338,0.86319,0,,,,,,,
2025-07-10 03:35:00+00:00,0.86308,0.86311,0.86298,0.86302,155,,,,,,-1,0.86311,0.86319,0.86311,,0.86189,0.86338,0.86192,0.86189,0,0.86338,0.86319,0,,,,,,,
2025-07-10 03:40:00+00:00,0.86302,0.86311,0.86298,0.86302,151,,,,,,-1,0.86311,0.86319,0.86311,,0.86189,0.86338,0.86192,0.86189,0,0.86338,0.86319,0,,,,,,,
2025-07-10 03:45:00+00:00,0.86302,0.86318,0.86301,0.86315,169,,,,,,-1,0.86311,0.86319,0.86311,,0.86189,0.86338,0.86192,0.86189,0,0.86338,0.86319,0,,,,,,,
2025-07-10 03:50:00+00:00,0.86315,0.86315,0.86274,0.86274,157,-1.0,0.86301,0.86294,0.7,2025-07-10 15:20:00+00:00,-1,0.86311,0.86319,0.86311,,0.86189,0.86338,0.86192,0.86189,0,0.86338,0.86319,0,,,,,,,
2025-07-10 03:55:00+00:00,0.86274,0.86294,0.86274,0.86291,171,,,,,,-1,0.86294,0.86319,0.86294,,0.86189,0.86338,0.86192,0.86189,0,0.86338,0.86319,0,,,,,,,
2025-07-10 04:00:00+00:00,0.86291,0.86294,0.86285,0.86291,149,,,,,,-1,0.86294,0.86319,0.86294,,0.86189,0.86338,0.86192,0.86189,0,0.86338,0.86319,0,,,,,,,
2025-07-10 04:05:00+00:00,0.86291,0.86299,0.86287,0.86299,117,,,,,,-1,0.86294,0.86319,0.86294,,0.86189,0.86338,0.86192,0.86189,0,0.86338,0.86319,0,,,,,,,
2025-07-10 04:10:00+00:00,0.86299,0.86299,0.86288,0.86292,128,,,,,,-1,0.86294,0.86319,0.86294,,0.86189,0.86338,0.86192,0.86189,0,0.86338,0.86319,0,,,,,,,
2025-07-10 04:15:00+00:00,0.86292,0.86295,0.86284,0.8629,141,,,,,,-1,0.86294,0.86319,0.86294,,0.86189,0.86338,0.86192,0.86189,0,0.86338,0.86319,0,,,,,,,
2025-07-10 04:20:00+00:00,0.8629,0.86296,0.86288,0.8629,132,,,,,,-1,0.86294,0.86319,0.86294,,0.86189,0.86338,0.86192,0.86189,0,0.86338,0.86319,0,,,,,,,
2025-07-10 04:25:00+00:00,0.86289,0.86289,0.86279,0.86287,138,,,,,,-1,0.86289,0.86319,0.86289,,0.86189,0.86338,0.86192,0.86189,0,0.86338,0.86319,0,,,,,,,
2025-07-10 04:30:00+00:00,0.86287,0.86295,0.8628,0.86283,140,,,,,,-1,0.86289,0.86319,0.86289,,0.86189,0.86338,0.86192,0.86189,0,0.86338,0.86319,0,,,,,,,
2025-07-10 04:35:00+00:00,0.86283,0.86284,0.86274,0.86283,139,,,,,,-1,0.86284,0.86319,0.86284,,0.86189,0.86338,0.86192,0.86189,0,0.86338,0.86319,0,,,,,,,
2025-07-10 04:40:00+00:00,0.86283,0.86285,0.86271,0.86274,141,,,,,,-1,0.86284,0.86319,0.86284,,0.86189,0.86338,0.86192,0.86189,0,0.86338,0.86319,0,,,,,,,
2025-07-10 04:45:00+00:00,0.86274,0.86279,0.86267,0.86277,109,,,,,,-1,0.86279,0.86319,0.86279,,0.86189,0.86338,0.86192,0.86189,0,0.86338,0.86319,0,,,,,,,
2025-07-10 04:50:00+00:00,0.86278,0.86282,0.86276,0.86276,129,,,,,,-1,0.86279,0.86319,0.86279,,0.86189,0.86338,0.86192,0.86189,0,0.86338,0.86319,0,,,,,,,
2025-07-10 04:55:00+00:00,0.86276,0.86284,0.86272,0.86283,133,,,,,,-1,0.86279,0.86319,0.86279,,0.86189,0.86338,0.86192,0.86189,0,0.86338,0.86319,0,,,,,,,
2025-07-10 05:00:00+00:00,0.86284,0.86291,0.86277,0.86288,142,,,,,,-1,0.86279,0.86319,0.86279,,0.86189,0.86338,0.86192,0.86189,0,0.86338,0.86319,0,,,,,,,
2025-07-10 05:05:00+00:00,0.86288,0.86293,0.86266,0.86275,137,,,,,,-1,0.86279,0.86319,0.86279,,0.86189,0.86338,0.86192,0.86189,0,0.86338,0.86319,0,,,,,,,
2025-07-10 05:10:00+00:00,0.86275,0.86279,0.8627,0.86277,163,,,,,,-1,0.86279,0.86319,0.86279,,0.86189,0.86338,0.86192,0.86189,0,0.86338,0.86319,0,,,,,,,
2025-07-10 05:15:00+00:00,0.86277,0.86282,0.86269,0.86274,128,,,,,,-1,0.86279,0.86319,0.86279,,0.86189,0.86338,0.86192,0.86189,0,0.86338,0.86319,0,,,,,,,
2025-07-10 05:20:00+00:00,0.86274,0.8628,0.86271,0.86277,107,,,,,,-1,0.86279,0.86319,0.86279,,0.86189,0.86338,0.86192,0.86189,0,0.86338,0.86319,0,,,,,,,
2025-07-10 05:25:00+00:00,0.86277,0.8628,0.86272,0.86274,149,,,,,,-1,0.86279,0.86319,0.86279,,0.86189,0.86338,0.86192,0.86189,0,0.86338,0.86319,0,,,,,,,
2025-07-10 05:30:00+00:00,0.86274,0.86278,0.86269,0.86272,148,,,,,,-1,0.86278,0.86319,0.86278,,0.86189,0.86338,0.86192,0.86189,0,0.86338,0.86319,0,,,,,,,
2025-07-10 05:35:00+00:00,0.86274,0.86279,0.86271,0.86272,127,,,,,,-1,0.86278,0.86319,0.86278,,0.86189,0.86338,0.86192,0.86189,0,0.86338,0.86319,0,,,,,,,
2025-07-10 05:40:00+00:00,0.86272,0.86276,0.86269,0.86271,85,,,,,,-1,0.86276,0.86319,0.86276,,0.86189,0.86338,0.86192,0.86189,0,0.86338,0.86319,0,,,,,,,
2025-07-10 05:45:00+00:00,0.86271,0.86277,0.86269,0.86269,107,,,,,,-1,0.86276,0.86319,0.86276,,0.86189,0.86338,0.86192,0.86189,0,0.86338,0.86319,0,,,,,,,
2025-07-10 05:50:00+00:00,0.8627,0.86275,0.86268,0.86273,91,,,,,,-1,0.86275,0.86319,0.86275,,0.86189,0.86338,0.86192,0.86189,0,0.86338,0.86319,0,,,,,,,
2025-07-10 05:55:00+00:00,0.86273,0.86273,0.86266,0.86271,142,,,,,,-1,0.86273,0.86319,0.86273,,0.86189,0.86338,0.86192,0.86189,0,0.86338,0.86319,0,,,,,,,
2025-07-10 06:00:00+00:00,0.86271,0.86277,0.86265,0.8627,102,,,,,,-1,0.86273,0.86319,0.86273,,0.86189,0.86338,0.86192,0.86189,0,0.86338,0.86319,0,,,,,,,
2025-07-10 06:05:00+00:00,0.8627,0.8627,0.86264,0.86266,81,,,,,,-1,0.8627,0.86319,0.8627,,0.86189,0.86338,0.86192,0.86189,0,0.86338,0.86319,0,,,,,,,
2025-07-10 06:10:00+00:00,0.86267,0.86268,0.86261,0.86262,91,,,,,,-1,0.86268,0.86319,0.86268,,0.86189,0.86338,0.86192,0.86189,0,0.86338,0.86319,0,,,,,,,
2025-07-10 06:15:00+00:00,0.86262,0.86265,0.86258,0.86265,96,,,,,,-1,0.86265,0.86319,0.86265,,0.86189,0.86338,0.86192,0.86189,0,0.86338,0.86319,0,,,,,,,
2025-07-10 06:20:00+00:00,0.86263,0.86265,0.86258,0.86258,112,,,,,,-1,0.86265,0.86319,0.86265,,0.86189,0.86338,0.86192,0.86189,0,0.86338,0.86319,0,,,,,,,
2025-07-10 06:25:00+00:00,0.86258,0.8626,0.86251,0.86252,82,,,,,,-1,0.8626,0.86319,0.8626,,0.86189,0.86338,0.86192,0.86189,0,0.86338,0.86319,0,,,,,,,
2025-07-10 06:30:00+00:00,0.86251,0.86258,0.86247,0.86256,63,,,,,,-1,0.86258,0.86319,0.86258,,0.86189,0.86338,0.86192,0.86189,0,0.86338,0.86319,0,,,,,,,
2025-07-10 06:35:00+00:00,0.86256,0.86264,0.86255,0.86257,71,,,,,,-1,0.86258,0.86319,0.86258,,0.86189,0.86338,0.86192,0.86189,0,0.86338,0.86319,0,,,,,,,
2025-07-10 06:40:00+00:00,0.86257,0.86258,0.86251,0.86254,59,,,,,,-1,0.86258,0.86319,0.86258,,0.86189,0.86338,0.86192,0.86189,0,0.86338,0.86319,0,,,,,,,
2025-07-10 06:45:00+00:00,0.86254,0.86258,0.86253,0.86255,68,,,,,,-1,0.86258,0.86319,0.86258,,0.86189,0.86338,0.86192,0.86189,0,0.86338,0.86319,0,,,,,,,
2025-07-10 06:50:00+00:00,0.86255,0.86257,0.86249,0.8625,79,,,,,,-1,0.86257,0.86319,0.86257,,0.86189,0.86338,0.86192,0.86189,0,0.86338,0.86319,0,,,,,,,
2025-07-10 06:55:00+00:00,0.8625,0.86254,0.86248,0.86251,83,,,,,,-1,0.86254,0.86319,0.86254,,0.86189,0.86338,0.86192,0.86189,0,0.86338,0.86319,0,,,,,,,
2025-07-10 07:00:00+00:00,0.86252,0.86258,0.86252,0.86257,65,,,,,,-1,0.86254,0.86319,0.86254,,0.86189,0.86338,0.86192,0.86189,0,0.86338,0.86319,0,,,,,,,
2025-07-10 07:05:00+00:00,0.86257,0.8626,0.86253,0.86255,83,,,,,,-1,0.86254,0.86319,0.86254,,0.86189,0.86338,0.86192,0.86189,0,0.86338,0.86319,0,,,,,,,
2025-07-10 07:10:00+00:00,0.86255,0.86256,0.86251,0.86254,93,,,,,,-1,0.86254,0.86319,0.86254,,0.86189,0.86338,0.86192,0.86189,0,0.86338,0.86319,0,,,,,,,
2025-07-10 07:15:00+00:00,0.86254,0.86256,0.86252,0.86253,75,,,,,,-1,0.86254,0.86319,0.86254,,0.86189,0.86338,0.86192,0.86189,0,0.86338,0.86319,0,,,,,,,
2025-07-10 07:20:00+00:00,0.86253,0.86261,0.86253,0.86256,103,,,,,,-1,0.86254,0.86319,0.86254,,0.86189,0.86338,0.86192,0.86189,0,0.86338,0.86319,0,,,,,,,
2025-07-10 07:25:00+00:00,0.86256,0.86259,0.86254,0.86256,70,,,,,,-1,0.86254,0.86319,0.86254,,0.86189,0.86338,0.86192,0.86189,0,0.86338,0.86319,0,,,,,,,
2025-07-10 07:30:00+00:00,0.86255,0.86261,0.8625,0.86253,104,,,,,,-1,0.86254,0.86319,0.86254,,0.86189,0.86338,0.86192,0.86189,0,0.86338,0.86319,0,,,,,,,
2025-07-10 07:35:00+00:00,0.86253,0.8626,0.86249,0.86252,82,,,,,,-1,0.86254,0.86319,0.86254,,0.86189,0.86338,0.86192,0.86189,0,0.86338,0.86319,0,,,,,,,
2025-07-10 07:40:00+00:00,0.86252,0.86253,0.86247,0.86253,76,,,,,,-1,0.86253,0.86319,0.86253,,0.86189,0.86338,0.86192,0.86189,0,0.86338,0.86319,0,,,,,,,
2025-07-10 07:45:00+00:00,0.86253,0.86254,0.86247,0.86251,136,,,,,,-1,0.86253,0.86319,0.86253,,0.86189,0.86338,0.86192,0.86189,0,0.86338,0.86319,0,,,,,,,
2025-07-10 07:50:00+00:00,0.86251,0.86254,0.86249,0.86252,120,,,,,,-1,0.86253,0.86319,0.86253,,0.86189,0.86338,0.86192,0.86189,0,0.86338,0.86319,0,,,,,,,
2025-07-10 07:55:00+00:00,0.86254,0.86259,0.86252,0.86254,142,,,,,,-1,0.86253,0.86319,0.86253,,0.86189,0.86338,0.86192,0.86189,0,0.86338,0.86319,0,,,,,,,
2025-07-10 08:00:00+00:00,0.86252,0.86262,0.86246,0.86257,177,,,,,,-1,0.86253,0.86319,0.86253,-1.0,0.86189,0.86338,0.86192,0.86189,0,0.86338,0.86319,0,,,,,,,
2025-07-10 08:05:00+00:00,0.86257,0.8626,0.86252,0.86256,102,,,,,,-1,0.86253,0.86319,0.86253,,0.86189,0.86338,0.86192,0.86189,0,0.86338,0.86319,0,,,,,,,
2025-07-10 08:10:00+00:00,0.86256,0.86267,0.86253,0.86266,125,,,,,,-1,0.86253,0.86319,0.86253,,0.86189,0.86338,0.86192,0.86189,0,0.86338,0.86319,0,,,,,,,
2025-07-10 08:15:00+00:00,0.86266,0.8627,0.8626,0.86264,100,,,,,,1,0.8626,0.8626,0.86253,,0.86189,0.86338,0.86192,0.86189,0,0.86338,0.86319,0,,,,,,,
2025-07-10 08:20:00+00:00,0.86264,0.86267,0.8626,0.86266,116,,,,,,1,0.8626,0.8626,0.86253,,0.86189,0.86338,0.86192,0.86189,0,0.86338,0.86319,0,,,,,,,
2025-07-10 08:25:00+00:00,0.86266,0.86273,0.86266,0.86271,93,,,,,,1,0.86266,0.86266,0.86253,,0.86189,0.86338,0.86192,0.86189,0,0.86338,0.86319,0,,,,,,,
2025-07-10 08:30:00+00:00,0.8627,0.86274,0.86258,0.86259,92,,,,,,1,0.86266,0.86266,0.86253,1.0,0.86189,0.86338,0.86192,0.86189,0,0.86338,0.86319,0,,,,,,,
2025-07-10 08:35:00+00:00,0.8626,0.86268,0.86257,0.86262,91,,,,,,1,0.86266,0.86266,0.86253,,0.86189,0.86338,0.86192,0.86189,0,0.86338,0.86319,0,,,,,,,
2025-07-10 08:40:00+00:00,0.86262,0.86268,0.86259,0.86267,114,,,,,,1,0.86266,0.86266,0.86253,,0.86189,0.86338,0.86192,0.86189,0,0.86338,0.86319,0,,,,,,,
2025-07-10 08:45:00+00:00,0.86267,0.86268,0.86262,0.86265,144,,,,,,1,0.86266,0.86266,0.86253,,0.86189,0.86338,0.86192,0.86189,0,0.86338,0.86319,0,,,,,,,
2025-07-10 08:50:00+00:00,0.86262,0.86265,0.86258,0.86263,97,,,,,,-1,0.86265,0.86266,0.86265,,0.86189,0.86338,0.86192,0.86189,0,0.86338,0.86319,0,,,,,,,
2025-07-10 08:55:00+00:00,0.86262,0.86268,0.86256,0.86256,173,-1.0,0.86258,0.86253,0.5,2025-07-10 14:00:00+00:00,-1,0.86265,0.86266,0.86265,,0.86189,0.86338,0.86192,0.86189,0,0.86338,0.86319,0,,,,,,,
2025-07-10 09:00:00+00:00,0.86256,0.86256,0.86231,0.86248,220,,,,,,-1,0.86256,0.86266,0.86256,,0.86189,0.86338,0.86192,0.86189,0,0.86338,0.86319,0,,,,,,,
2025-07-10 09:05:00+00:00,0.86249,0.86253,0.86241,0.86245,209,,,,,,-1,0.86253,0.86266,0.86253,,0.86189,0.86338,0.86192,0.86189,0,0.86338,0.86319,0,,,,,,,
2025-07-10 09:10:00+00:00,0.86245,0.86246,0.8623,0.86239,124,,,,,,-1,0.86246,0.86266,0.86246,,0.86189,0.86338,0.86192,0.86189,0,0.86338,0.86319,0,,,,,,,
2025-07-10 09:15:00+00:00,0.86239,0.86243,0.86223,0.86241,153,,,,,,-1,0.86243,0.86266,0.86243,,0.86189,0.86338,0.86192,0.86189,0,0.86338,0.86319,0,,,,,,,
2025-07-10 09:20:00+00:00,0.86241,0.86248,0.86232,0.86236,158,,,,,,-1,0.86243,0.86266,0.86243,,0.86189,0.86338,0.86192,0.86189,0,0.86338,0.86319,0,,,,,,,
2025-07-10 09:25:00+00:00,0.86236,0.86237,0.86224,0.86229,153,,,,,,-1,0.86237,0.86266,0.86237,,0.86189,0.86338,0.86192,0.86189,0,0.86338,0.86319,0,,,,,,,
2025-07-10 09:30:00+00:00,0.86227,0.86235,0.86219,0.86223,155,-1.0,0.86224,0.86207,1.7,2025-07-10 10:45:00+00:00,-1,0.86235,0.86266,0.86235,,0.86189,0.86338,0.86192,0.86189,0,0.86338,0.86319,0,,,,,,,
2025-07-10 09:35:00+00:00,0.86223,0.86223,0.86191,0.86205,171,,,,,,-1,0.86223,0.86266,0.86223,,0.86189,0.86338,0.86192,0.86189,0,0.86338,0.86319,0,,,,,,,
2025-07-10 09:40:00+00:00,0.86207,0.86207,0.86198,0.86201,148,,,,,,-1,0.86207,0.86266,0.86207,,0.86189,0.86338,0.86192,0.86189,0,0.86338,0.86319,0,,,,,,,
2025-07-10 09:45:00+00:00,0.862,0.86214,0.862,0.86207,120,,,,,,-1,0.86207,0.86266,0.86207,,0.86189,0.86338,0.86192,0.86189,0,0.86338,0.86319,0,,,,,,,
2025-07-10 09:50:00+00:00,0.86207,0.8621,0.86197,0.86202,144,,,,,,-1,0.86207,0.86266,0.86207,,0.86189,0.86338,0.86192,0.86189,0,0.86338,0.86319,0,,,,,,,
2025-07-10 09:55:00+00:00,0.86202,0.86205,0.86196,0.86199,180,,,,,,-1,0.86205,0.86266,0.86205,,0.86189,0.86338,0.86192,0.86189,0,0.86338,0.86319,0,,,,,,,
2025-07-10 10:00:00+00:00,0.86198,0.86205,0.86179,0.86184,254,-1.0,0.86196,0.86192,0.4,2025-07-10 10:35:00+00:00,-1,0.86205,0.86266,0.86205,,,0.86338,,,0,0.86338,0.86319,0,-1.0,-1.0,-1.0,,,,
2025-07-10 10:05:00+00:00,0.86184,0.86192,0.86175,0.86183,174,,,,,,-1,0.86192,0.86266,0.86192,,,0.86338,,,0,0.86338,0.86319,0,,,-1.0,,,,
2025-07-10 10:10:00+00:00,0.86182,0.8619,0.86166,0.86167,169,,,,,,-1,0.8619,0.86266,0.8619,,,0.86338,,,0,0.86338,0.86319,0,,,-1.0,,,,
2025-07-10 10:15:00+00:00,0.86168,0.86177,0.86161,0.86169,184,,,,,,-1,0.86177,0.86266,0.86177,-1.0,0.86161,0.86338,0.86177,0.86161,1,0.86338,0.86319,0,,,-1.0,,,,
2025-07-10 10:20:00+00:00,0.86169,0.86188,0.86164,0.86174,224,,,,,,-1,0.86177,0.86266,0.86177,,0.86161,0.86338,0.86177,0.86161,1,0.86338,0.86319,0,,,-1.0,,,,
2025-07-10 10:25:00+00:00,0.86174,0.86186,0.86172,0.86178,213,,,,,,-1,0.86177,0.86266,0.86177,,0.86161,0.86338,0.86177,0.86161,0,0.86338,0.86319,0,,,-1.0,,,,
2025-07-10 10:30:00+00:00,0.86179,0.86195,0.86169,0.86191,210,1.0,0.86188,0.86186,0.2,2025-07-10 11:00:00+00:00,-1,0.86177,0.86266,0.86177,,0.86161,0.86338,0.86177,0.86161,0,0.86338,0.86319,0,,,-1.0,,,,
2025-07-10 10:35:00+00:00,0.86191,0.862,0.86188,0.86194,160,,,,,,1,0.86188,0.86188,0.86177,,0.86161,0.86338,0.86177,0.86161,0,0.86338,0.86319,0,,,-1.0,18.64,22.03,,
2025-07-10 10:40:00+00:00,0.86192,0.86211,0.86192,0.8621,221,,,,,,1,0.86192,0.86192,0.86177,,0.86161,0.86338,0.86177,0.86161,0,0.86338,0.86319,0,,,-1.0,27.68,28.25,,
2025-07-10 10:45:00+00:00,0.86209,0.8623,0.862,0.86228,207,,,,,,1,0.862,0.862,0.86177,,0.86161,0.86338,0.86177,0.86161,0,0.86338,0.86319,0,,,-1.0,37.85,38.98,,
2025-07-10 10:50:00+00:00,0.86229,0.8623,0.86211,0.86229,172,,,,,,1,0.86211,0.86211,0.86177,,0.86161,0.86338,0.86177,0.86161,0,0.86338,0.86319,0,,,-1.0,38.42,38.98,,
2025-07-10 10:55:00+00:00,0.86229,0.86236,0.86194,0.86195,193,,,,,,1,0.86211,0.86211,0.86177,1.0,0.86161,0.86338,0.86177,0.86161,0,0.86338,0.86319,0,,,-1.0,19.21,42.37,,-1.0
2025-07-10 11:00:00+00:00,0.86194,0.86212,0.86178,0.86194,263,,,,,,1,0.86211,0.86211,0.86177,,0.86161,0.86338,0.86177,0.86161,0,0.86338,0.86319,0,,,-1.0,18.64,42.37,,
2025-07-10 11:05:00+00:00,0.86195,0.86218,0.86195,0.86212,147,,,,,,1,0.86211,0.86211,0.86177,,0.86161,0.86338,0.86177,0.86161,0,0.86338,0.86319,0,,,-1.0,28.81,42.37,,
2025-07-10 11:10:00+00:00,0.86212,0.86223,0.86209,0.8622,168,,,,,,1,0.86211,0.86211,0.86177,,0.86161,0.86338,0.86177,0.86161,0,0.86338,0.86319,0,,,-1.0,33.33,42.37,,
2025-07-10 11:15:00+00:00,0.8622,0.8622,0.86192,0.86194,138,-1.0,0.86209,0.86196,1.3,2025-07-10 11:40:00+00:00,1,0.86211,0.86211,0.86177,,0.86161,0.86338,0.86177,0.86161,0,0.86338,0.86319,0,,,-1.0,18.64,42.37,,-1.0
2025-07-10 11:20:00+00:00,0.86194,0.86196,0.86183,0.86191,157,,,,,,-1,0.86196,0.86211,0.86196,,0.86161,0.86338,0.86177,0.86161,0,0.86338,0.86319,0,,,-1.0,,,,
2025-07-10 11:25:00+00:00,0.8619,0.86195,0.86186,0.86191,147,,,,,,-1,0.86195,0.86211,0.86195,,0.86161,0.86338,0.86177,0.86161,0,0.86338,0.86319,0,,,-1.0,,,,
2025-07-10 11:30:00+00:00,0.8619,0.86202,0.86189,0.86191,133,,,,,,-1,0.86195,0.86211,0.86195,,0.86161,0.86338,0.86177,0.86161,0,0.86338,0.86319,0,,,-1.0,,,,
2025-07-10 11:35:00+00:00,0.86191,0.862,0.86187,0.86194,158,,,,,,-1,0.86195,0.86211,0.86195,,0.86161,0.86338,0.86177,0.86161,0,0.86338,0.86319,0,,,-1.0,,,,
2025-07-10 11:40:00+00:00,0.86194,0.86209,0.86187,0.86191,147,,,,,,-1,0.86195,0.86211,0.86195,,0.86161,0.86338,0.86177,0.86161,0,0.86338,0.86319,0,,,-1.0,,,,
2025-07-10 11:45:00+00:00,0.86191,0.86196,0.86182,0.86183,181,,,,,,-1,0.86195,0.86211,0.86195,,0.86161,0.86338,0.86177,0.86161,0,0.86338,0.86319,0,,,-1.0,,,,
2025-07-10 11:50:00+00:00,0.86183,0.86191,0.86179,0.86191,146,,,,,,-1,0.86191,0.86211,0.86191,,0.86161,0.86338,0.86177,0.86161,0,0.86338,0.86319,0,,,-1.0,,,,
2025-07-10 11:55:00+00:00,0.86189,0.86197,0.86189,0.86195,122,,,,,,-1,0.86191,0.86211,0.86191,,0.86161,0.86338,0.86177,0.86161,0,0.86338,0.86319,0,,,-1.0,,,,
2025-07-10 12:00:00+00:00,0.86193,0.86204,0.86183,0.86191,170,,,,,,-1,0.86191,0.86211,0.86191,,0.86161,0.86338,0.86177,0.86161,0,0.86338,0.86319,0,,,-1.0,,,,
2025-07-10 12:05:00+00:00,0.86192,0.86201,0.86191,0.86198,68,,,,,,-1,0.86191,0.86211,0.86191,,0.86161,0.86338,0.86177,0.86161,0,0.86338,0.86319,0,,,-1.0,,,,
2025-07-10 12:10:00+00:00,0.86197,0.86199,0.86181,0.86184,143,-1.0,0.86191,0.86175,1.6,2025-07-10 12:25:00+00:00,-1,0.86191,0.86211,0.86191,,0.86161,0.86338,0.86177,0.86161,0,0.86338,0.86319,0,,,-1.0,,,,
2025-07-10 12:15:00+00:00,0.86184,0.86189,0.86159,0.86165,154,,,,,,-1,0.86189,0.86211,0.86189,,0.86161,0.86338,0.86177,0.86161,1,0.86338,0.86319,0,,,-1.0,,,,
2025-07-10 12:20:00+00:00,0.86165,0.86175,0.86158,0.86174,130,,,,,,-1,0.86175,0.86211,0.86175,-1.0,0.86161,0.86338,0.86177,0.86161,1,0.86338,0.86319,0,,,-1.0,,,,
2025-07-10 12:25:00+00:00,0.86174,0.86192,0.86174,0.86189,89,1.0,0.86179,0.86175,0.4,2025-07-10 12:50:00+00:00,-1,0.86175,0.86211,0.86175,,0.86161,0.86338,0.86177,0.86161,0,0.86338,0.86319,0,,,-1.0,,,,
2025-07-10 12:30:00+00:00,0.86189,0.86197,0.86179,0.86185,157,,,,,,1,0.86179,0.86179,0.86175,,0.86161,0.86338,0.86177,0.86161,0,0.86338,0.86319,0,,,-1.0,13.56,20.34,,
2025-07-10 12:35:00+00:00,0.86185,0.86186,0.86177,0.86178,69,,,,,,1,0.86179,0.86179,0.86175,,0.86161,0.86338,0.86177,0.86161,0,0.86338,0.86319,0,,,-1.0,9.6,20.34,,-1.0
2025-07-10 12:40:00+00:00,0.86178,0.86189,0.86176,0.86185,88,,,,,,1,0.86179,0.86179,0.86175,,0.86161,0.86338,0.86177,0.86161,0,0.86338,0.86319,0,,,-1.0,13.56,20.34,,
2025-07-10 12:45:00+00:00,0.86185,0.86189,0.86177,0.86179,160,,,,,,1,0.86179,0.86179,0.86175,,0.86161,0.86338,0.86177,0.86161,0,0.86338,0.86319,0,,,-1.0,10.17,20.34,,
2025-07-10 12:50:00+00:00,0.86179,0.86181,0.86171,0.86179,127,,,,,,1,0.86179,0.86179,0.86175,,0.86161,0.86338,0.86177,0.86161,0,0.86338,0.86319,0,,,-1.0,10.17,20.34,,
2025-07-10 12:55:00+00:00,0.86179,0.86199,0.86176,0.86196,173,,,,,,1,0.86179,0.86179,0.86175,,0.86161,0.86338,0.86177,0.86161,0,0.86338,0.86319,0,,,-1.0,19.77,21.47,,
2025-07-10 13:00:00+00:00,0.86196,0.86201,0.86179,0.86182,123,,,,,,1,0.86179,0.86179,0.86175,,0.86161,0.86338,0.86177,0.86161,0,0.86338,0.86319,0,,,-1.0,11.86,22.6,,
2025-07-10 13:05:00+00:00,0.86181,0.86192,0.86171,0.86192,108,,,,,,1,0.86179,0.86179,0.86175,,0.86161,0.86338,0.86177,0.86161,0,0.86338,0.86319,0,,,-1.0,17.51,22.6,,
2025-07-10 13:10:00+00:00,0.86192,0.86195,0.86181,0.86184,115,,,,,,1,0.86181,0.86181,0.86175,,0.86161,0.86338,0.86177,0.86161,0,0.86338,0.86319,0,,,-1.0,12.99,22.6,,
2025-07-10 13:15:00+00:00,0.86183,0.8619,0.86182,0.86185,129,,,,,,1,0.86182,0.86182,0.86175,,0.86161,0.86338,0.86177,0.86161,0,0.86338,0.86319,0,,,-1.0,13.56,22.6,,
2025-07-10 13:20:00+00:00,0.86185,0.86205,0.86184,0.86204,100,1.0,0.86212,0.8619,2.2,2025-07-10 17:25:00+00:00,1,0.86184,0.86184,0.86175,,0.86161,0.86338,0.86177,0.86161,0,0.86338,0.86319,0,,,-1.0,24.29,24.86,,
2025-07-10 13:25:00+00:00,0.86204,0.86233,0.86203,0.8623,114,,,,,,1,0.86203,0.86203,0.86175,,0.86161,0.86338,0.86177,0.86161,0,0.86338,0.86319,0,,,-1.0,38.98,40.68,,
2025-07-10 13:30:00+00:00,0.86231,0.86236,0.86212,0.8622,119,,,,,,1,0.86212,0.86212,0.86175,,0.86161,0.86338,0.86177,0.86161,0,0.86338,0.86319,0,,,-1.0,33.33,42.37,,
2025-07-10 13:35:00+00:00,0.8622,0.86221,0.86215,0.86217,91,,,,,,1,0.86215,0.86215,0.86175,,0.86161,0.86338,0.86177,0.86161,0,0.86338,0.86319,0,,,-1.0,31.64,42.37,,
2025-07-10 13:40:00+00:00,0.86217,0.8625,0.86216,0.86235,120,,,,,,1,0.86216,0.86216,0.86175,,0.86161,0.86338,0.86177,0.86161,0,0.86338,0.86319,0,,,-1.0,41.81,50.28,,
2025-07-10 13:45:00+00:00,0.86235,0.86244,0.86218,0.86242,128,,,,,,1,0.86218,0.86218,0.86175,,0.86161,0.86338,0.86177,0.86161,0,0.86338,0.86319,0,,,-1.0,45.76,50.28,,
2025-07-10 13:50:00+00:00,0.86242,0.86243,0.86231,0.86231,127,,,,,,1,0.86231,0.86231,0.86175,,0.86161,0.86338,0.86177,0.86161,0,0.86338,0.86319,0,,,-1.0,39.55,50.28,,
2025-07-10 13:55:00+00:00,0.86231,0.8625,0.86231,0.86242,179,,,,,,1,0.86231,0.86231,0.86175,,0.86161,0.86338,0.86177,0.86161,0,0.86338,0.86319,0,,,-1.0,45.76,50.28,,
2025-07-10 14:00:00+00:00,0.86242,0.8626,0.86242,0.8625,141,,,,,,1,0.86242,0.86242,0.86175,,0.86161,0.86338,0.86177,0.86161,0,0.86338,0.86319,0,,,-1.0,50.28,55.93,,
2025-07-10 14:05:00+00:00,0.8625,0.86251,0.86242,0.8625,130,,,,,,1,0.86242,0.86242,0.86175,,0.86161,0.86338,0.86177,0.86161,0,0.86338,0.86319,0,,,-1.0,50.28,55.93,,
2025-07-10 14:10:00+00:00,0.8625,0.86264,0.86244,0.86264,185,,,,,,1,0.86244,0.86244,0.86175,,0.86161,0.86338,0.86177,0.86161,0,0.86338,0.86319,0,,,-1.0,58.19,58.19,,
2025-07-10 14:15:00+00:00,0.86265,0.86265,0.8625,0.86256,110,,,,,,1,0.8625,0.8625,0.86175,,0.86161,0.86338,0.86177,0.86161,0,0.86338,0.86319,0,,,-1.0,53.67,58.76,,
2025-07-10 14:20:00+00:00,0.86256,0.86264,0.8624,0.86258,142,,,,,,1,0.8625,0.8625,0.86175,,0.86161,0.86338,0.86177,0.86161,0,0.86338,0.86319,0,,,-1.0,54.8,58.76,,
2025-07-10 14:25:00+00:00,0.86257,0.86262,0.86247,0.86247,142,,,,,,1,0.8625,0.8625,0.86175,,0.86161,0.86338,0.86177,0.86161,0,0.86338,0.86319,0,,,-1.0,48.59,58.76,,-1.0
2025-07-10 14:30:00+00:00,0.86247,0.86263,0.86241,0.86261,220,,,,,,1,0.8625,0.8625,0.86175,,0.86161,0.86338,0.86177,0.86161,0,0.86338,0.86319,0,,,-1.0,56.5,58.76,,
2025-07-10 14:35:00+00:00,0.86261,0.86277,0.86245,0.86273,172,1.0,0.86264,0.86263,0.1,2025-07-10 14:50:00+00:00,1,0.8625,0.8625,0.86175,,0.86161,0.86338,0.86177,0.86161,0,0.86338,0.86319,0,,,-1.0,63.28,65.54,,
2025-07-10 14:40:00+00:00,0.86273,0.86278,0.86264,0.86274,170,,,,,,1,0.86264,0.86264,0.86175,,0.86161,0.86338,0.86177,0.86161,0,0.86338,0.86319,0,,,-1.0,63.84,66.1,,
2025-07-10 14:45:00+00:00,0.86274,0.86287,0.86272,0.86282,156,,,,,,1,0.86272,0.86272,0.86175,1.0,0.86161,0.86338,0.86177,0.86161,0,0.86338,0.86319,0,,,-1.0,68.36,71.19,,
2025-07-10 14:50:00+00:00,0.86282,0.86285,0.86259,0.86265,166,-1.0,0.86272,0.86254,1.8,2025-07-10 15:10:00+00:00,1,0.86272,0.86272,0.86175,,0.86161,0.86338,0.86177,0.86161,0,0.86338,0.86319,0,,,-1.0,58.76,71.19,-1.0,-1.0
2025-07-10 14:55:00+00:00,0.86264,0.86269,0.86237,0.86238,315,,,,,,-1,0.86269,0.86272,0.86269,,0.86161,0.86338,0.86177,0.86161,0,0.86338,0.86319,0,,,-1.0,,,,
2025-07-10 15:00:00+00:00,0.8624,0.86254,0.86217,0.86251,203,,,,,,-1,0.86254,0.86272,0.86254,-1.0,0.86161,0.86338,0.86177,0.86161,0,0.86338,0.86319,0,,,-1.0,,,,
2025-07-10 15:05:00+00:00,0.86251,0.86271,0.86251,0.8627,187,1.0,0.86273,0.86254,1.9,2025-07-10 16:55:00+00:00,-1,0.86254,0.86272,0.86254,,0.86161,0.86338,0.86177,0.86161,0,0.86338,0.86319,0,,,-1.0,,,,
2025-07-10 15:10:00+00:00,0.8627,0.86285,0.86267,0.86273,218,,,,,,1,0.86267,0.86267,0.86254,,0.86161,0.86338,0.86177,0.86161,0,0.86338,0.86319,0,,,-1.0,63.28,70.06,,
2025-07-10 15:15:00+00:00,0.86273,0.86286,0.86273,0.86281,212,,,,,,1,0.86273,0.86273,0.86254,,0.86161,0.86338,0.86177,0.86161,0,0.86338,0.86319,0,,,-1.0,67.8,70.62,,
2025-07-10 15:20:00+00:00,0.86281,0.86308,0.86278,0.86303,218,,,,,,1,0.86278,0.86278,0.86254,,0.86161,0.86338,0.86177,0.86161,0,0.86338,0.86319,0,,,-1.0,80.23,83.05,,
2025-07-10 15:25:00+00:00,0.86302,0.86315,0.86281,0.86295,283,,,,,,1,0.86281,0.86281,0.86254,,0.86161,0.86338,0.86177,0.86161,0,0.86338,0.86319,0,,,-1.0,75.71,87.01,,
2025-07-10 15:30:00+00:00,0.86288,0.8634,0.86277,0.86336,389,,,,,,1,0.86281,0.86281,0.86254,1.0,0.86161,0.86338,0.86177,0.86161,0,0.86338,0.86319,1,,,-1.0,98.87,101.13,,
2025-07-10 15:35:00+00:00,0.86336,0.86337,0.86289,0.86312,384,,,,,,1,0.86289,0.86289,0.86254,,0.86161,0.86338,0.86177,0.86161,0,0.86338,0.86319,0,,,-1.0,85.31,101.13,,
2025-07-10 15:40:00+00:00,0.86312,0.86314,0.86298,0.86306,298,,,,,,1,0.86298,0.86298,0.86254,,0.86161,0.86338,0.86177,0.86161,0,0.86338,0.86319,0,,,-1.0,81.92,101.13,,
2025-07-10 15:45:00+00:00,0.86306,0.86311,0.86291,0.86297,233,,,,,,1,0.86298,0.86298,0.86254,,0.86161,0.86338,0.86177,0.86161,0,0.86338,0.86319,0,,,-1.0,76.84,101.13,-1.0,-1.0
2025-07-10 15:50:00+00:00,0.86297,0.86317,0.86297,0.86303,178,,,,,,1,0.86298,0.86298,0.86254,,0.86161,0.86338,0.86177,0.86161,0,0.86338,0.86319,0,,,-1.0,80.23,101.13,,
2025-07-10 15:55:00+00:00,0.86304,0.86336,0.86303,0.86329,247,,,,,,1,0.86303,0.86303,0.86254,,0.86161,0.86338,0.86177,0.86161,0,0.86338,0.86319,1,,,-1.0,94.92,101.13,,
2025-07-10 16:00:00+00:00,0.86329,0.86332,0.86308,0.8633,265,,,,,,1,0.86308,0.86308,0.86254,,0.86161,0.86338,0.86177,0.86161,0,0.86338,0.86319,1,,,-1.0,95.48,101.13,,
2025-07-10 16:05:00+00:00,0.8633,0.86333,0.86317,0.86327,156,,,,,,1,0.86317,0.86317,0.86254,,0.86161,0.86338,0.86177,0.86161,0,0.86338,0.86319,1,,,-1.0,93.79,101.13,,
2025-07-10 16:10:00+00:00,0.86327,0.8633,0.86299,0.86302,162,,,,,,1,0.86317,0.86317,0.86254,,0.86161,0.86338,0.86177,0.86161,0,0.86338,0.86319,0,,,-1.0,79.66,101.13,-1.0,-1.0
2025-07-10 16:15:00+00:00,0.86302,0.86323,0.86301,0.86313,149,,,,,,1,0.86317,0.86317,0.86254,,0.86161,0.86338,0.86177,0.86161,0,0.86338,0.86319,0,,,-1.0,85.88,101.13,,
2025-07-10 16:20:00+00:00,0.86313,0.8632,0.86297,0.86308,187,,,,,,1,0.86317,0.86317,0.86254,,0.86161,0.86338,0.86177,0.86161,0,0.86338,0.86319,0,,,-1.0,83.05,101.13,,
2025-07-10 16:25:00+00:00,0.86307,0.8632,0.86306,0.86317,203,,,,,,1,0.86317,0.86317,0.86254,,0.86161,0.86338,0.86177,0.86161,0,0.86338,0.86319,0,,,-1.0,88.14,101.13,,
2025-07-10 16:30:00+00:00,0.86316,0.86329,0.86306,0.86312,269,,,,,,1,0.86317,0.86317,0.86254,,0.86161,0.86338,0.86177,0.86161,0,0.86338,0.86319,0,,,-1.0,85.31,101.13,,
2025-07-10 16:35:00+00:00,0.86312,0.8633,0.86297,0.86322,255,,,,,,1,0.86317,0.86317,0.86254,,0.86161,0.86338,0.86177,0.86161,0,0.86338,0.86319,1,,,-1.0,90.96,101.13,,
2025-07-10 16:40:00+00:00,0.86321,0.86332,0.86305,0.86311,179,,,,,,1,0.86317,0.86317,0.86254,,0.86161,0.86338,0.86177,0.86161,0,0.86338,0.86319,0,,,-1.0,84.75,101.13,-1.0,-1.0
2025-07-10 16:45:00+00:00,0.8631,0.86316,0.86295,0.86296,257,,,,,,-1,0.86316,0.86317,0.86316,,0.86161,0.86338,0.86177,0.86161,0,0.86338,0.86319,0,,,-1.0,,,,
2025-07-10 16:50:00+00:00,0.86295,0.86316,0.86261,0.86261,339,-1.0,0.86295,0.86282,1.3,2025-07-11 10:05:00+00:00,-1,0.86316,0.86317,0.86316,,0.86161,0.86338,0.86177,0.86161,0,0.86338,0.86319,0,,,-1.0,,,,
2025-07-10 16:55:00+00:00,0.86258,0.86282,0.86243,0.86273,332,,,,,,-1,0.86282,0.86317,0.86282,,0.86161,0.86338,0.86177,0.86161,0,0.86338,0.86319,0,,,-1.0,,,,
2025-07-10 17:00:00+00:00,0.86273,0.86289,0.86262,0.86279,399,,,,,,-1,0.86282,0.86317,0.86282,,0.86161,0.86338,0.86177,0.86161,0,0.86338,0.86319,0,,,-1.0,,,,
2025-07-10 17:05:00+00:00,0.86279,0.86279,0.86236,0.86251,353,-1.0,0.86262,0.86256,0.6,2025-07-11 09:40:00+00:00,-1,0.86279,0.86317,0.86279,,0.86161,0.86338,0.86177,0.86161,0,0.86338,0.86319,0,,,-1.0,,,,
2025-07-10 17:10:00+00:00,0.86251,0.86256,0.86232,0.86254,264,,,,,,-1,0.86256,0.86317,0.86256,,0.86161,0.86338,0.86177,0.86161,0,0.86338,0.86319,0,,,-1.0,,,,
2025-07-10 17:15:00+00:00,0.86254,0.86255,0.86226,0.86233,251,,,,,,-1,0.86255,0.86317,0.86255,,0.86161,0.86338,0.86177,0.86161,0,0.86338,0.86319,0,,,-1.0,,,,
2025-07-10 17:20:00+00:00,0.86234,0.86253,0.86204,0.86226,340,,,,,,-1,0.86253,0.86317,0.86253,,0.86161,0.86338,0.86177,0.86161,0,0.86338,0.86319,0,,,-1.0,,,,
2025-07-10 17:25:00+00:00,0.86226,0.8625,0.86175,0.8619,339,-1.0,0.86204,0.86202,0.2,2025-07-10 17:45:00+00:00,-1,0.8625,0.86317,0.8625,,0.86161,0.86338,0.86177,0.86161,0,0.86338,0.86319,0,,,-1.0,,,,
2025-07-10 17:30:00+00:00,0.86192,0.86202,0.86181,0.86201,320,,,,,,-1,0.86202,0.86317,0.86202,,0.86161,0.86338,0.86177,0.86161,0,0.86338,0.86319,0,,,-1.0,,,,
2025-07-10 17:35:00+00:00,0.86201,0.86201,0.86155,0.86162,387,-1.0,0.86181,0.86167,1.4,2025-07-10 17:45:00+00:00,-1,0.86201,0.86317,0.86201,,0.86161,0.86338,0.86177,0.86161,1,0.86338,0.86319,0,,,-1.0,,,,
2025-07-10 17:40:00+00:00,0.86162,0.86167,0.86136,0.86163,360,,,,,,-1,0.86167,0.86317,0.86167,,0.86161,0.86338,0.86177,0.86161,1,0.86338,0.86319,0,,,-1.0,,,,
2025-07-10 17:45:00+00:00,0.86163,0.86206,0.86162,0.86188,273,,,,,,-1,0.86167,0.86317,0.86167,,0.86161,0.86338,0.86177,0.86161,0,0.86338,0.86319,0,,,-1.0,,,,
2025-07-10 17:50:00+00:00,0.86188,0.86192,0.86166,0.86173,274,,,,,,-1,0.86167,0.86317,0.86167,,0.86161,0.86338,0.86177,0.86161,1,0.86338,0.86319,0,,,-1.0,,,,
2025-07-10 17:55:00+00:00,0.86173,0.86175,0.86151,0.86164,459,,,,,,-1,0.86167,0.86317,0.86167,,0.86161,0.86338,0.86177,0.86161,1,0.86338,0.86319,0,,,-1.0,,,,
2025-07-10 18:00:00+00:00,0.86163,0.86187,0.86156,0.86164,386,,,,,,-1,0.86167,0.86317,0.86167,,0.86161,0.86338,0.86177,0.86161,1,0.86338,0.86319,0,,,-1.0,,,,
2025-07-10 18:05:00+00:00,0.86164,0.86183,0.8616,0.86176,303,,,,,,-1,0.86167,0.86317,0.86167,,0.86161,0.86338,0.86177,0.86161,1,0.86338,0.86319,0,,,-1.0,,,,
2025-07-10 18:10:00+00:00,0.86176,0.86179,0.86131,0.86134,259,-1.0,0.8616,0.8615,1.0,2025-07-10 20:00:00+00:00,-1,0.86167,0.86317,0.86167,,,0.8634,,,0,0.8634,0.86319,0,1.0,,-1.0,,,,
2025-07-10 18:15:00+00:00,0.86134,0.8615,0.86124,0.86146,195,,,,,,-1,0.8615,0.86317,0.8615,,,0.8634,,,0,0.8634,0.86319,0,,,-1.0,,,,
2025-07-10 18:20:00+00:00,0.86146,0.86152,0.86121,0.86144,224,,,,,,-1,0.8615,0.86317,0.8615,,,0.8634,,,0,0.8634,0.86319,0,,,-1.0,,,,
2025-07-10 18:25:00+00:00,0.86145,0.86151,0.86132,0.86134,200,,,,,,-1,0.8615,0.86317,0.8615,,,0.8634,,,0,0.8634,0.86319,0,,,-1.0,,,,
2025-07-10 18:30:00+00:00,0.86134,0.86138,0.86119,0.8612,243,-1.0,0.86132,0.86127,0.5,2025-07-10 18:45:00+00:00,-1,0.86138,0.86317,0.86138,,,0.8634,,,0,0.8634,0.86319,0,,,-1.0,,,,
2025-07-10 18:35:00+00:00,0.8612,0.86127,0.861,0.86108,202,,,,,,-1,0.86127,0.86317,0.86127,-1.0,0.861,0.8634,0.86126,0.861,1,0.8634,0.86319,0,,,-1.0,,,,
2025-07-10 18:40:00+00:00,0.86108,0.86127,0.86108,0.86124,148,,,,,,-1,0.86127,0.86317,0.86127,,0.861,0.8634,0.86126,0.861,1,0.8634,0.86319,0,,,-1.0,,,,
2025-07-10 18:45:00+00:00,0.86125,0.86138,0.86114,0.86127,161,,,,,,-1,0.86127,0.86317,0.86127,,0.861,0.8634,0.86126,0.861,0,0.8634,0.86319,0,,,-1.0,,,,
2025-07-10 18:50:00+00:00,0.86126,0.86135,0.86119,0.8613,141,,,,,,-1,0.86127,0.86317,0.86127,,0.861,0.8634,0.86126,0.861,0,0.8634,0.86319,0,,,-1.0,,,,
2025-07-10 18:55:00+00:00,0.8613,0.86145,0.8612,0.86143,148,,,,,,-1,0.86127,0.86317,0.86127,,0.861,0.8634,0.86126,0.861,0,0.8634,0.86319,0,,,-1.0,,,,
2025-07-10 19:00:00+00:00,0.86144,0.86154,0.86131,0.86131,164,,,,,,-1,0.86131,0.86131,0.86127,,0.861,0.8634,0.86126,0.861,0,0.8634,0.86319,0,,,-1.0,,,,
2025-07-10 19:05:00+00:00,0.86131,0.86143,0.8613,0.86132,148,,,,,,-1,0.86131,0.86131,0.86127,,0.861,0.8634,0.86126,0.861,0,0.8634,0.86319,0,,,-1.0,,,,
2025-07-10 19:10:00+00:00,0.86134,0.86141,0.8613,0.8613,170,,,,,,-1,0.86131,0.86131,0.86127,,0.861,0.8634,0.86126,0.861,0,0.8634,0.86319,0,,,-1.0,,,,
2025-07-10 19:15:00+00:00,0.8613,0.86141,0.86123,0.86125,119,-1.0,0.8613,0.86126,0.4,2025-07-10 19:25:00+00:00,-1,0.86131,0.86131,0.86127,,0.861,0.8634,0.86126,0.861,1,0.8634,0.86319,0,,,-1.0,,,,
2025-07-10 19:20:00+00:00,0.86125,0.86126,0.86101,0.86115,195,,,,,,-1,0.86126,0.86131,0.86126,,0.861,0.8634,0.86126,0.861,1,0.8634,0.86319,0,,,-1.0,,,,
2025-07-10 19:25:00+00:00,0.86115,0.86139,0.86114,0.86136,188,1.0,0.86143,0.86126,1.7,2025-07-10 20:50:00+00:00,-1,0.86126,0.86131,0.86126,,0.861,0.8634,0.86126,0.861,0,0.8634,0.86319,0,,,-1.0,,,,
2025-07-10 19:30:00+00:00,0.86137,0.86158,0.86137,0.86155,150,,,,,,1,0.86137,0.86137,0.86126,,0.861,0.8634,0.86126,0.861,0,0.8634,0.86319,0,,,-1.0,22.92,24.17,,
2025-07-10 19:35:00+00:00,0.86155,0.86159,0.86143,0.86143,140,,,,,,1,0.86143,0.86143,0.86126,,0.861,0.8634,0.86126,0.861,0,0.8634,0.86319,0,,,-1.0,17.92,24.58,,
2025-07-10 19:40:00+00:00,0.86143,0.86149,0.86137,0.86143,153,,,,,,1,0.86143,0.86143,0.86126,,0.861,0.8634,0.86126,0.861,0,0.8634,0.86319,0,,,-1.0,17.92,24.58,,
2025-07-10 19:45:00+00:00,0.86143,0.86143,0.86136,0.86136,125,,,,,,1,0.86143,0.86143,0.86126,,0.861,0.8634,0.86126,0.861,0,0.8634,0.86319,0,,,-1.0,15.0,24.58,,
2025-07-10 19:50:00+00:00,0.86136,0.86155,0.86133,0.86147,116,,,,,,1,0.86143,0.86143,0.86126,,0.861,0.8634,0.86126,0.861,0,0.8634,0.86319,0,,,-1.0,19.58,24.58,,
2025-07-10 19:55:00+00:00,0.86147,0.86157,0.86135,0.86149,172,,,,,,1,0.86143,0.86143,0.86126,,0.861,0.8634,0.86126,0.861,0,0.8634,0.86319,0,,,-1.0,20.42,24.58,,
2025-07-10 20:00:00+00:00,0.86149,0.8616,0.86148,0.86151,227,,,,,,1,0.86148,0.86148,0.86126,,0.861,0.8634,0.86126,0.861,0,0.8634,0.86319,0,,,-1.0,21.25,25.0,,
2025-07-10 20:05:00+00:00,0.86152,0.8617,0.86151,0.86164,212,,,,,,1,0.86151,0.86151,0.86126,,0.861,0.8634,0.86126,0.861,0,0.8634,0.86319,0,,,-1.0,26.67,29.17,,
2025-07-10 20:10:00+00:00,0.86164,0.86171,0.86152,0.86152,143,,,,,,1,0.86152,0.86152,0.86126,1.0,0.861,0.8634,0.86126,0.861,0,0.8634,0.86319,0,,,-1.0,21.67,29.58,,
2025-07-10 20:15:00+00:00,0.86152,0.86156,0.86142,0.86142,120,-1.0,0.86152,0.8615,0.2,2025-07-10 20:25:00+00:00,1,0.86152,0.86152,0.86126,,0.861,0.8634,0.86126,0.861,0,0.8634,0.86319,0,,,-1.0,17.5,29.58,,
2025-07-10 20:20:00+00:00,0.86142,0.8615,0.86141,0.86144,101,,,,,,-1,0.8615,0.86152,0.8615,,0.861,0.8634,0.86126,0.861,0,0.8634,0.86319,0,,,-1.0,,,,
2025-07-10 20:25:00+00:00,0.86143,0.86155,0.86141,0.86143,109,,,,,,-1,0.8615,0.86152,0.8615,,0.861,0.8634,0.86126,0.861,0,0.8634,0.86319,0,,,-1.0,,,,
2025-07-10 20:30:00+00:00,0.86143,0.8615,0.86137,0.86141,142,,,,,,-1,0.8615,0.86152,0.8615,,0.861,0.8634,0.86126,0.861,0,0.8634,0.86319,0,,,-1.0,,,,
2025-07-10 20:35:00+00:00,0.86141,0.86153,0.86138,0.86149,160,,,,,,-1,0.8615,0.86152,0.8615,,0.861,0.8634,0.86126,0.861,0,0.8634,0.86319,0,,,-1.0,,,,
2025-07-10 20:40:00+00:00,0.86149,0.86156,0.86146,0.86151,120,,,,,,-1,0.8615,0.86152,0.8615,,0.861,0.8634,0.86126,0.861,0,0.8634,0.86319,0,,,-1.0,,,,
2025-07-10 20:45:00+00:00,0.8615,0.8615,0.86127,0.86127,95,-1.0,0.86146,0.86127,1.9,2025-07-10 21:05:00+00:00,-1,0.8615,0.86152,0.8615,,0.861,0.8634,0.86126,0.861,0,0.8634,0.86319,0,,,-1.0,,,,
2025-07-10 20:50:00+00:00,0.86127,0.86127,0.86116,0.86121,76,,,,,,-1,0.86127,0.86152,0.86127,-1.0,0.861,0.8634,0.86126,0.861,1,0.8634,0.86319,0,,,-1.0,,,,
2025-07-10 20:55:00+00:00,0.86121,0.8613,0.86117,0.8613,89,,,,,,-1,0.86127,0.86152,0.86127,,0.861,0.8634,0.86126,0.861,0,0.8634,0.86319,0,,,-1.0,,,,
2025-07-10 21:00:00+00:00,0.8613,0.86144,0.86127,0.86143,130,1.0,0.86149,0.8613,1.9,2025-07-10 21:30:00+00:00,-1,0.86127,0.86152,0.86127,,0.861,0.8634,0.86126,0.861,0,0.8634,0.86319,0,,,-1.0,,,,
2025-07-10 21:05:00+00:00,0.86143,0.86152,0.86138,0.86149,121,,,,,,1,0.86138,0.86138,0.86127,,0.861,0.8634,0.86126,0.861,0,0.8634,0.86319,0,,,-1.0,20.42,21.67,,
2025-07-10 21:10:00+00:00,0.86149,0.86157,0.86149,0.86152,97,,,,,,1,0.86149,0.86149,0.86127,1.0,0.861,0.8634,0.86126,0.861,0,0.8634,0.86319,0,,,-1.0,21.67,23.75,,
2025-07-10 21:15:00+00:00,0.86152,0.86154,0.86149,0.8615,72,,,,,,1,0.86149,0.86149,0.86127,,0.861,0.8634,0.86126,0.861,0,0.8634,0.86319,0,,,-1.0,20.83,23.75,,
2025-07-10 21:20:00+00:00,0.86149,0.86151,0.86145,0.86149,79,,,,,,1,0.86149,0.86149,0.86127,,0.861,0.8634,0.86126,0.861,0,0.8634,0.86319,0,,,-1.0,20.42,23.75,,
2025-07-10 21:25:00+00:00,0.86147,0.86147,0.86135,0.86135,83,-1.0,0.86145,0.8613,1.5,2025-07-10 22:55:00+00:00,-1,0.86147,0.86149,0.86147,,0.861,0.8634,0.86126,0.861,0,0.8634,0.86319,0,,,-1.0,,,,
2025-07-10 21:30:00+00:00,0.86135,0.86135,0.86124,0.86126,122,,,,,,-1,0.86135,0.86149,0.86135,,0.861,0.8634,0.86126,0.861,1,0.8634,0.86319,0,,,-1.0,,,,
2025-07-10 21:35:00+00:00,0.86127,0.8613,0.86126,0.86127,75,,,,,,-1,0.8613,0.86149,0.8613,,0.861,0.8634,0.86126,0.861,0,0.8634,0.86319,0,,,-1.0,,,,
2025-07-10 21:40:00+00:00,0.86127,0.8613,0.86123,0.86128,73,,,,,,-1,0.8613,0.86149,0.8613,,0.861,0.8634,0.86126,0.861,0,0.8634,0.86319,0,,,-1.0,,,,
2025-07-10 21:45:00+00:00,0.86129,0.86135,0.86125,0.86129,118,,,,,,-1,0.8613,0.86149,0.8613,,0.861,0.8634,0.86126,0.861,0,0.8634,0.86319,0,,,-1.0,,,,
2025-07-10 21:50:00+00:00,0.8613,0.86133,0.86122,0.86131,93,,,,,,-1,0.8613,0.86149,0.8613,,0.861,0.8634,0.86126,0.861,0,0.8634,0.86319,0,,,-1.0,,,,
2025-07-10 21:55:00+00:00,0.86131,0.86136,0.86124,0.86133,136,,,,,,-1,0.8613,0.86149,0.8613,,0.861,0.8634,0.86126,0.861,0,0.8634,0.86319,0,,,-1.0,,,,
2025-07-10 22:00:00+00:00,0.86133,0.86134,0.86115,0.86119,91,,,,,,-1,0.8613,0.86149,0.8613,,0.861,0.8634,0.86126,0.861,1,0.8634,0.86319,0,,,-1.0,,,,
2025-07-10 22:05:00+00:00,0.86119,0.86127,0.86118,0.86122,71,,,,,,-1,0.86127,0.86149,0.86127,,0.861,0.8634,0.86126,0.861,1,0.8634,0.86319,0,,,-1.0,,,,
2025-07-10 22:10:00+00:00,0.86122,0.86125,0.86118,0.86125,62,,,,,,-1,0.86125,0.86149,0.86125,,0.861,0.8634,0.86126,0.861,1,0.8634,0.86319,0,,,-1.0,,,,
2025-07-10 22:15:00+00:00,0.86124,0.86131,0.86124,0.86131,78,,,,,,-1,0.86125,0.86149,0.86125,,0.861,0.8634,0.86126,0.861,0,0.8634,0.86319,0,,,-1.0,,,,
2025-07-10 22:20:00+00:00,0.86131,0.86131,0.86119,0.86119,60,,,,,,-1,0.86125,0.86149,0.86125,,0.861,0.8634,0.86126,0.861,1,0.8634,0.86319,0,,,-1.0,,,,
2025-07-10 22:25:00+00:00,0.86119,0.86127,0.86119,0.86121,75,,,,,,-1,0.86125,0.86149,0.86125,,0.861,0.8634,0.86126,0.861,1,0.8634,0.86319,0,,,-1.0,,,,
2025-07-10 22:30:00+00:00,0.86122,0.86124,0.86113,0.86119,77,,,,,,-1,0.86124,0.86149,0.86124,-1.0,0.861,0.8634,0.86126,0.861,1,0.8634,0.86319,0,,,-1.0,,,,
2025-07-10 22:35:00+00:00,0.86119,0.8612,0.86113,0.86117,57,,,,,,-1,0.8612,0.86149,0.8612,,0.861,0.8634,0.86126,0.861,1,0.8634,0.86319,0,,,-1.0,,,,
2025-07-10 22:40:00+00:00,0.86117,0.8613,0.86114,0.86127,99,1.0,0.86125,0.8612,0.5,2025-07-10 23:30:00+00:00,-1,0.8612,0.86149,0.8612,,0.861,0.8634,0.86126,0.861,0,0.8634,0.86319,0,,,-1.0,,,,
2025-07-10 22:45:00+00:00,0.86127,0.86133,0.86125,0.86128,137,,,,,,1,0.86125,0.86125,0.8612,,0.861,0.8634,0.86126,0.861,0,0.8634,0.86319,0,,,-1.0,11.67,13.75,,
2025-07-10 22:50:00+00:00,0.8613,0.86134,0.86123,0.86128,125,,,,,,1,0.86125,0.86125,0.8612,,0.861,0.8634,0.86126,0.861,0,0.8634,0.86319,0,,,-1.0,11.67,14.17,,
2025-07-10 22:55:00+00:00,0.86128,0.86151,0.86126,0.8615,167,1.0,0.86138,0.86134,0.4,2025-07-10 23:20:00+00:00,1,0.86126,0.86126,0.8612,,0.861,0.8634,0.86126,0.861,0,0.8634,0.86319,0,,,-1.0,20.83,21.25,,
2025-07-10 23:00:00+00:00,0.8615,0.86154,0.86138,0.86147,154,,,,,,1,0.86138,0.86138,0.8612,,0.861,0.8634,0.86126,0.861,0,0.8634,0.86319,0,,,-1.0,19.58,22.5,,
2025-07-10 23:05:00+00:00,0.86147,0.86155,0.86147,0.86151,96,,,,,,1,0.86147,0.86147,0.8612,,0.861,0.8634,0.86126,0.861,0,0.8634,0.86319,0,,,-1.0,21.25,22.92,,
2025-07-10 23:10:00+00:00,0.86149,0.86151,0.86139,0.8614,52,,,,,,1,0.86147,0.86147,0.8612,,0.861,0.8634,0.86126,0.861,0,0.8634,0.86319,0,,,-1.0,16.67,22.92,,
2025-07-10 23:15:00+00:00,0.8614,0.86156,0.8614,0.86144,78,,,,,,1,0.86147,0.86147,0.8612,1.0,0.861,0.8634,0.86126,0.861,0,0.8634,0.86319,0,,,-1.0,18.33,23.33,,
2025-07-10 23:20:00+00:00,0.86145,0.86148,0.86131,0.86132,37,,,,,,1,0.86147,0.86147,0.8612,,0.861,0.8634,0.86126,0.861,0,0.8634,0.86319,0,,,-1.0,13.33,23.33,,
2025-07-10 23:25:00+00:00,0.86132,0.8614,0.86127,0.8613,73,-1.0,0.86131,0.8613,0.1,2025-07-10 23:35:00+00:00,-1,0.8614,0.86147,0.8614,,0.861,0.8634,0.86126,0.861,0,0.8634,0.86319,0,,,-1.0,,,,
2025-07-10 23:30:00+00:00,0.86127,0.8613,0.8612,0.86127,58,,,,,,-1,0.8613,0.86147,0.8613,,0.861,0.8634,0.86126,0.861,0,0.8634,0.86319,0,,,-1.0,,,,
2025-07-10 23:35:00+00:00,0.86127,0.86131,0.86125,0.86127,40,,,,,,-1,0.8613,0.86147,0.8613,,0.861,0.8634,0.86126,0.861,0,0.8634,0.86319,0,,,-1.0,,,,
2025-07-10 23:40:00+00:00,0.86126,0.86128,0.86122,0.86124,36,,,,,,-1,0.86128,0.86147,0.86128,,0.861,0.8634,0.86126,0.861,1,0.8634,0.86319,0,,,-1.0,,,,
2025-07-10 23:45:00+00:00,0.86124,0.86131,0.86121,0.8613,86,,,,,,-1,0.86128,0.86147,0.86128,,0.861,0.8634,0.86126,0.861,0,0.8634,0.86319,0,,,-1.0,,,,
2025-07-10 23:50:00+00:00,0.8613,0.86139,0.86126,0.86139,177,1.0,0.8614,0.86131,0.9,2025-07-11 00:00:00+00:00,-1,0.86128,0.86147,0.86128,,0.861,0.8634,0.86126,0.861,0,0.8634,0.86319,0,,,-1.0,,,,
2025-07-10 23:55:00+00:00,0.86141,0.86165,0.8614,0.86153,128,,,,,,-1,0.8614,0.8614,0.86128,,0.861,0.8634,0.86126,0.861,0,0.8634,0.86319,0,,,-1.0,,,,
2025-07-11 00:00:00+00:00,0.86134,0.86135,0.86114,0.86114,8,-1.0,0.8614,0.86133,0.7,2025-07-11 00:35:00+00:00,-1,0.86135,0.8614,0.86135,,0.861,0.8634,0.86126,0.861,1,0.8634,0.86319,0,,,-1.0,,,,
2025-07-11 00:05:00+00:00,0.86114,0.86133,0.86114,0.86116,41,,,,,,-1,0.86133,0.8614,0.86133,,0.861,0.8634,0.86126,0.861,1,0.8634,0.86319,0,,,-1.0,,,,
2025-07-11 00:10:00+00:00,0.86116,0.86132,0.86109,0.86121,87,,,,,,-1,0.86132,0.8614,0.86132,-1.0,0.861,0.8634,0.86126,0.861,1,0.8634,0.86319,0,,,-1.0,,,,
2025-07-11 00:15:00+00:00,0.86121,0.86129,0.8611,0.86124,61,,,,,,-1,0.86129,0.8614,0.86129,,0.861,0.8634,0.86126,0.861,1,0.8634,0.86319,0,,,-1.0,,,,
2025-07-11 00:20:00+00:00,0.86124,0.86127,0.86118,0.86123,65,,,,,,-1,0.86127,0.8614,0.86127,,0.861,0.8634,0.86126,0.861,1,0.8634,0.86319,0,,,-1.0,,,,
2025-07-11 00:25:00+00:00,0.86123,0.86124,0.86115,0.86117,107,,,,,,-1,0.86124,0.8614,0.86124,,0.861,0.8634,0.86126,0.861,1,0.8634,0.86319,0,,,-1.0,,,,
2025-07-11 00:30:00+00:00,0.86115,0.86126,0.86114,0.86122,33,,,,,,-1,0.86124,0.8614,0.86124,,0.861,0.8634,0.86126,0.861,1,0.8634,0.86319,0,,,-1.0,,,,
2025-07-11 00:35:00+00:00,0.86122,0.86148,0.86122,0.8613,73,1.0,0.8613,0.86126,0.4,2025-07-11 00:50:00+00:00,-1,0.86124,0.8614,0.86124,,0.861,0.8634,0.86126,0.861,0,0.8634,0.86319,0,,,-1.0,,,,
2025-07-11 00:40:00+00:00,0.86131,0.86153,0.8613,0.86146,136,,,,,,1,0.8613,0.8613,0.86124,,0.861,0.8634,0.86126,0.861,0,0.8634,0.86319,0,,,-1.0,19.17,22.08,,
2025-07-11 00:45:00+00:00,0.86146,0.86146,0.86135,0.86137,77,,,,,,1,0.86135,0.86135,0.86124,,0.861,0.8634,0.86126,0.861,0,0.8634,0.86319,0,,,-1.0,15.42,22.08,,
2025-07-11 00:50:00+00:00,0.86137,0.86149,0.86122,0.86146,91,,,,,,1,0.86135,0.86135,0.86124,,0.861,0.8634,0.86126,0.861,0,0.8634,0.86319,0,,,-1.0,19.17,22.08,,
2025-07-11 00:55:00+00:00,0.86142,0.86157,0.86138,0.8615,96,1.0,0.86163,0.86149,1.4,2025-07-11 03:15:00+00:00,1,0.86138,0.86138,0.86124,,0.861,0.8634,0.86126,0.861,0,0.8634,0.86319,0,,,-1.0,20.83,23.75,,
2025-07-11 01:00:00+00:00,0.86158,0.86186,0.86155,0.86169,131,,,,,,1,0.86155,0.86155,0.86124,1.0,0.861,0.8634,0.86126,0.861,0,0.8634,0.86319,0,,,-1.0,28.75,35.83,,
2025-07-11 01:05:00+00:00,0.86169,0.86171,0.86163,0.86163,61,,,,,,1,0.86163,0.86163,0.86124,,0.861,0.8634,0.86126,0.861,0,0.8634,0.86319,0,,,-1.0,26.25,35.83,,
2025-07-11 01:10:00+00:00,0.86163,0.86163,0.86158,0.86161,95,,,,,,1,0.86163,0.86163,0.86124,,0.861,0.8634,0.86126,0.861,0,0.8634,0.86319,0,,,-1.0,25.42,35.83,,
2025-07-11 01:15:00+00:00,0.86162,0.86163,0.86157,0.86162,76,,,,,,1,0.86163,0.86163,0.86124,,0.861,0.8634,0.86126,0.861,0,0.8634,0.86319,0,,,-1.0,25.83,35.83,,
2025-07-11 01:20:00+00:00,0.86162,0.86163,0.8616,0.86163,67,,,,,,1,0.86163,0.86163,0.86124,,0.861,0.8634,0.86126,0.861,0,0.8634,0.86319,0,,,-1.0,26.25,35.83,,
2025-07-11 01:25:00+00:00,0.86163,0.86165,0.8616,0.86162,46,,,,,,1,0.86163,0.86163,0.86124,,0.861,0.8634,0.86126,0.861,0,0.8634,0.86319,0,,,-1.0,25.83,35.83,,
2025-07-11 01:30:00+00:00,0.86162,0.8617,0.86162,0.86167,48,,,,,,1,0.86163,0.86163,0.86124,,0.861,0.8634,0.86126,0.861,0,0.8634,0.86319,0,,,-1.0,27.92,35.83,,
2025-07-11 01:35:00+00:00,0.86166,0.86167,0.86159,0.86162,49,,,,,,1,0.86163,0.86163,0.86124,,0.861,0.8634,0.86126,0.861,0,0.8634,0.86319,0,,,-1.0,25.83,35.83,,
2025-07-11 01:40:00+00:00,0.86162,0.86167,0.86159,0.8616,68,,,,,,1,0.86163,0.86163,0.86124,,0.861,0.8634,0.86126,0.861,0,0.8634,0.86319,0,,,-1.0,25.0,35.83,,
2025-07-11 01:45:00+00:00,0.8616,0.86168,0.8616,0.86164,57,,,,,,1,0.86163,0.86163,0.86124,,0.861,0.8634,0.86126,0.861,0,0.8634,0.86319,0,,,-1.0,26.67,35.83,,
2025-07-11 01:50:00+00:00,0.86164,0.86174,0.86164,0.86174,40,,,,,,1,0.86164,0.86164,0.86124,,0.861,0.8634,0.86126,0.861,0,0.8634,0.86319,0,,,-1.0,30.83,35.83,,
2025-07-11 01:55:00+00:00,0.86174,0.86176,0.86168,0.86169,57,,,,,,1,0.86168,0.86168,0.86124,,0.861,0.8634,0.86126,0.861,0,0.8634,0.86319,0,,,-1.0,28.75,35.83,,
2025-07-11 02:00:00+00:00,0.86166,0.86172,0.8616,0.8616,58,-1.0,0.86168,0.86165,0.3,2025-07-11 02:15:00+00:00,1,0.86168,0.86168,0.86124,,0.861,0.8634,0.86126,0.861,0,0.8634,0.86319,0,,,-1.0,25.0,35.83,,
2025-07-11 02:05:00+00:00,0.8616,0.86165,0.86159,0.8616,43,,,,,,-1,0.86165,0.86168,0.86165,,0.861,0.8634,0.86126,0.861,0,0.8634,0.86319,0,,,-1.0,,,,
2025-07-11 02:10:00+00:00,0.8616,0.86164,0.86159,0.86161,41,,,,,,-1,0.86164,0.86168,0.86164,,0.861,0.8634,0.86126,0.861,0,0.8634,0.86319,0,,,-1.0,,,,
2025-07-11 02:15:00+00:00,0.86161,0.86169,0.86161,0.86168,31,1.0,0.86166,0.86164,0.2,2025-07-11 02:25:00+00:00,-1,0.86164,0.86168,0.86164,,0.861,0.8634,0.86126,0.861,0,0.8634,0.86319,0,,,-1.0,,,,
2025-07-11 02:20:00+00:00,0.86167,0.8617,0.86166,0.86168,51,,,,,,-1,0.86166,0.86166,0.86164,,0.861,0.8634,0.86126,0.861,0,0.8634,0.86319,0,,,-1.0,,,,
2025-07-11 02:25:00+00:00,0.86167,0.86168,0.86162,0.86167,42,,,,,,-1,0.86166,0.86166,0.86164,,0.861,0.8634,0.86126,0.861,0,0.8634,0.86319,0,,,-1.0,,,,
2025-07-11 02:30:00+00:00,0.86167,0.86169,0.86162,0.86167,54,,,,,,-1,0.86166,0.86166,0.86164,,0.861,0.8634,0.86126,0.861,0,0.8634,0.86319,0,,,-1.0,,,,
2025-07-11 02:35:00+00:00,0.86166,0.86166,0.86156,0.86159,26,-1.0,0.86162,0.86159,0.3,2025-07-11 02:45:00+00:00,-1,0.86166,0.86166,0.86164,,0.861,0.8634,0.86126,0.861,0,0.8634,0.86319,0,,,-1.0,,,,
2025-07-11 02:40:00+00:00,0.86159,0.86159,0.86153,0.86155,41,,,,,,-1,0.86159,0.86166,0.86159,-1.0,0.861,0.8634,0.86126,0.861,0,0.8634,0.86319,0,,,-1.0,,,,
2025-07-11 02:45:00+00:00,0.86155,0.86168,0.86154,0.8616,55,,,,,,-1,0.86159,0.86166,0.86159,,0.861,0.8634,0.86126,0.861,0,0.8634,0.86319,0,,,-1.0,,,,
2025-07-11 02:50:00+00:00,0.8616,0.86169,0.86158,0.86165,91,,,,,,-1,0.86159,0.86166,0.86159,,0.861,0.8634,0.86126,0.861,0,0.8634,0.86319,0,,,-1.0,,,,
2025-07-11 02:55:00+00:00,0.86165,0.86175,0.86162,0.86166,182,,,,,,1,0.86162,0.86162,0.86159,,0.861,0.8634,0.86126,0.861,0,0.8634,0.86319,0,,,-1.0,27.5,31.25,,
2025-07-11 03:00:00+00:00,0.86167,0.86186,0.86167,0.86173,185,,,,,,1,0.86167,0.86167,0.86159,,0.861,0.8634,0.86126,0.861,0,0.8634,0.86319,0,,,-1.0,30.42,35.83,,
2025-07-11 03:05:00+00:00,0.86173,0.86179,0.86158,0.86172,302,,,,,,1,0.86167,0.86167,0.86159,,0.861,0.8634,0.86126,0.861,0,0.8634,0.86319,0,,,-1.0,30.0,35.83,,
2025-07-11 03:10:00+00:00,0.86172,0.86188,0.86171,0.86173,136,,,,,,1,0.86171,0.86171,0.86159,1.0,0.861,0.8634,0.86126,0.861,0,0.8634,0.86319,0,,,-1.0,30.42,36.67,,
2025-07-11 03:15:00+00:00,0.86173,0.86174,0.86145,0.86148,382,,,,,,1,0.86171,0.86171,0.86159,,0.861,0.8634,0.86126,0.861,0,0.8634,0.86319,0,,,-1.0,20.0,36.67,,
2025-07-11 03:20:00+00:00,0.86148,0.86171,0.86141,0.86169,344,,,,,,1,0.86171,0.86171,0.86159,,0.861,0.8634,0.86126,0.861,0,0.8634,0.86319,0,,,-1.0,28.75,36.67,,
2025-07-11 03:25:00+00:00,0.86169,0.86174,0.86156,0.86157,340,,,,,,1,0.86171,0.86171,0.86159,,0.861,0.8634,0.86126,0.861,0,0.8634,0.86319,0,,,-1.0,23.75,36.67,,
2025-07-11 03:30:00+00:00,0.86157,0.8616,0.86117,0.86139,408,-1.0,0.86156,0.86139,1.7,2025-07-11 09:00:00+00:00,-1,0.8616,0.86171,0.8616,,0.861,0.8634,0.86126,0.861,0,0.8634,0.86319,0,,,-1.0,,,,
2025-07-11 03:35:00+00:00,0.86139,0.86139,0.86113,0.86127,343,,,,,,-1,0.86139,0.86171,0.86139,,0.861,0.8634,0.86126,0.861,0,0.8634,0.86319,0,,,-1.0,,,,
2025-07-11 03:40:00+00:00,0.86127,0.86135,0.86116,0.86123,347,,,,,,-1,0.86135,0.86171,0.86135,,0.861,0.8634,0.86126,0.861,1,0.8634,0.86319,0,,,-1.0,,,,
2025-07-11 03:45:00+00:00,0.86118,0.86124,0.8609,0.86099,311,-1.0,0.86116,0.86115,0.1,2025-07-11 03:55:00+00:00,-1,0.86124,0.86171,0.86124,-1.0,0.8609,0.86188,0.86126,0.8609,1,0.86188,0.86319,0,-1.0,,-1.0,,,,
2025-07-11 03:50:00+00:00,0.861,0.86115,0.86095,0.86115,317,,,,,,-1,0.86115,0.86171,0.86115,,0.8609,0.86188,0.86126,0.8609,1,0.86188,0.86319,0,,,-1.0,,,,
2025-07-11 03:55:00+00:00,0.86115,0.86139,0.86102,0.86128,520,1.0,0.86118,0.86115,0.3,2025-07-11 04:05:00+00:00,-1,0.86115,0.86171,0.86115,,0.8609,0.86188,0.86126,0.8609,0,0.86188,0.86319,0,,,-1.0,,,,
2025-07-11 04:00:00+00:00,0.86126,0.86138,0.86118,0.86118,329,,,,,,-1,0.86118,0.86118,0.86115,,0.8609,0.86188,0.86126,0.8609,1,0.86188,0.86319,0,,,-1.0,,,,
2025-07-11 04:05:00+00:00,0.8612,0.86136,0.86114,0.86119,268,,,,,,-1,0.86118,0.86118,0.86115,,0.8609,0.86188,0.86126,0.8609,1,0.86188,0.86319,0,,,-1.0,,,,
2025-07-11 04:10:00+00:00,0.8612,0.86128,0.86111,0.86113,263,,,,,,-1,0.86118,0.86118,0.86115,,0.8609,0.86188,0.86126,0.8609,1,0.86188,0.86319,0,,,-1.0,,,,
2025-07-11 04:15:00+00:00,0.86113,0.8612,0.86109,0.86119,278,,,,,,-1,0.86118,0.86118,0.86115,,0.8609,0.86188,0.86126,0.8609,1,0.86188,0.86319,0,,,-1.0,,,,
2025-07-11 04:20:00+00:00,0.86118,0.86122,0.86112,0.86121,326,,,,,,-1,0.86118,0.86118,0.86115,,0.8609,0.86188,0.86126,0.8609,1,0.86188,0.86319,0,,,-1.0,,,,
2025-07-11 04:25:00+00:00,0.86122,0.86124,0.86106,0.86108,323,,,,,,-1,0.86118,0.86118,0.86115,,0.8609,0.86188,0.86126,0.8609,1,0.86188,0.86319,0,,,-1.0,,,,
2025-07-11 04:30:00+00:00,0.8611,0.86119,0.86104,0.86111,287,,,,,,-1,0.86118,0.86118,0.86115,,0.8609,0.86188,0.86126,0.8609,1,0.86188,0.86319,0,,,-1.0,,,,
2025-07-11 04:35:00+00:00,0.86111,0.86116,0.86103,0.86111,271,,,,,,-1,0.86116,0.86118,0.86116,,0.8609,0.86188,0.86126,0.8609,1,0.86188,0.86319,0,,,-1.0,,,,
2025-07-11 04:40:00+00:00,0.86111,0.86121,0.86105,0.86112,322,,,,,,-1,0.86116,0.86118,0.86116,,0.8609,0.86188,0.86126,0.8609,1,0.86188,0.86319,0,,,-1.0,,,,
2025-07-11 04:45:00+00:00,0.86112,0.86119,0.86109,0.86115,301,,,,,,-1,0.86116,0.86118,0.86116,,0.8609,0.86188,0.86126,0.8609,1,0.86188,0.86319,0,,,-1.0,,,,
2025-07-11 04:50:00+00:00,0.86114,0.86122,0.86111,0.86114,270,,,,,,-1,0.86116,0.86118,0.86116,,0.8609,0.86188,0.86126,0.8609,1,0.86188,0.86319,0,,,-1.0,,,,
2025-07-11 04:55:00+00:00,0.86113,0.86114,0.86098,0.86106,253,,,,,,-1,0.86114,0.86118,0.86114,,0.8609,0.86188,0.86126,0.8609,1,0.86188,0.86319,0,,,-1.0,,,,
2025-07-11 05:00:00+00:00,0.86106,0.86112,0.86098,0.86103,294,,,,,,-1,0.86112,0.86118,0.86112,,0.8609,0.86188,0.86126,0.8609,1,0.86188,0.86319,0,,,-1.0,,,,
2025-07-11 05:05:00+00:00,0.86103,0.8611,0.861,0.86108,204,,,,,,-1,0.8611,0.86118,0.8611,,0.8609,0.86188,0.86126,0.8609,1,0.86188,0.86319,0,,,-1.0,,,,
2025-07-11 05:10:00+00:00,0.86108,0.86109,0.86101,0.86108,239,,,,,,-1,0.86109,0.86118,0.86109,,0.8609,0.86188,0.86126,0.8609,1,0.86188,0.86319,0,,,-1.0,,,,
2025-07-11 05:15:00+00:00,0.86108,0.86112,0.86103,0.86106,189,,,,,,-1,0.86109,0.86118,0.86109,,0.8609,0.86188,0.86126,0.8609,1,0.86188,0.86319,0,,,-1.0,,,,
2025-07-11 05:20:00+00:00,0.86109,0.86114,0.86099,0.86103,216,,,,,,-1,0.86109,0.86118,0.86109,,0.8609,0.86188,0.86126,0.8609,1,0.86188,0.86319,0,,,-1.0,,,,
2025-07-11 05:25:00+00:00,0.86103,0.86115,0.86101,0.86112,165,,,,,,-1,0.86109,0.86118,0.86109,,0.8609,0.86188,0.86126,0.8609,1,0.86188,0.86319,0,,,-1.0,,,,
2025-07-11 05:30:00+00:00,0.86112,0.86116,0.86107,0.86115,144,,,,,,-1,0.86109,0.86118,0.86109,,0.8609,0.86188,0.86126,0.8609,1,0.86188,0.86319,0,,,-1.0,,,,
2025-07-11 05:35:00+00:00,0.86115,0.86116,0.86105,0.86107,92,,,,,,-1,0.86109,0.86118,0.86109,,0.8609,0.86188,0.86126,0.8609,1,0.86188,0.86319,0,,,-1.0,,,,
2025-07-11 05:40:00+00:00,0.86107,0.86111,0.86101,0.8611,107,,,,,,-1,0.86109,0.86118,0.86109,,0.8609,0.86188,0.86126,0.8609,1,0.86188,0.86319,0,,,-1.0,,,,
2025-07-11 05:45:00+00:00,0.8611,0.86115,0.86107,0.86107,143,,,,,,-1,0.86109,0.86118,0.86109,,0.8609,0.86188,0.86126,0.8609,1,0.86188,0.86319,0,,,-1.0,,,,
2025-07-11 05:50:00+00:00,0.86108,0.86113,0.86102,0.86105,164,,,,,,-1,0.86109,0.86118,0.86109,,0.8609,0.86188,0.86126,0.8609,1,0.86188,0.86319,0,,,-1.0,,,,
2025-07-11 05:55:00+00:00,0.86105,0.8611,0.86102,0.86105,100,,,,,,-1,0.86109,0.86118,0.86109,,0.8609,0.86188,0.86126,0.8609,1,0.86188,0.86319,0,,,-1.0,,,,
2025-07-11 06:00:00+00:00,0.86105,0.86109,0.86101,0.86107,172,,,,,,-1,0.86109,0.86118,0.86109,,0.8609,0.86188,0.86126,0.8609,1,0.86188,0.86319,0,,,-1.0,,,,
2025-07-11 06:05:00+00:00,0.86107,0.86114,0.86106,0.86113,111,1.0,0.86112,0.86109,0.3,2025-07-11 06:20:00+00:00,-1,0.86109,0.86118,0.86109,,0.8609,0.86188,0.86126,0.8609,1,0.86188,0.86319,0,,,-1.0,,,,
2025-07-11 06:10:00+00:00,0.86113,0.86118,0.86112,0.86115,145,,,,,,1,0.86112,0.86112,0.86109,,0.8609,0.86188,0.86126,0.8609,1,0.86188,0.86319,0,,,-1.0,25.51,28.57,,
2025-07-11 06:15:00+00:00,0.86115,0.8612,0.8611,0.8611,74,,,,,,1,0.86112,0.86112,0.86109,,0.8609,0.86188,0.86126,0.8609,1,0.86188,0.86319,0,,,-1.0,20.41,30.61,,-1.0
2025-07-11 06:20:00+00:00,0.8611,0.86118,0.86109,0.86109,104,,,,,,1,0.86112,0.86112,0.86109,,0.8609,0.86188,0.86126,0.8609,1,0.86188,0.86319,0,,,-1.0,19.39,30.61,,
2025-07-11 06:25:00+00:00,0.86109,0.86116,0.86101,0.86113,120,,,,,,1,0.86112,0.86112,0.86109,,0.8609,0.86188,0.86126,0.8609,1,0.86188,0.86319,0,,,-1.0,23.47,30.61,,
2025-07-11 06:30:00+00:00,0.86113,0.86125,0.8611,0.86125,83,1.0,0.86122,0.86116,0.6,2025-07-11 06:55:00+00:00,1,0.86112,0.86112,0.86109,,0.8609,0.86188,0.86126,0.8609,1,0.86188,0.86319,0,,,-1.0,35.71,35.71,,
2025-07-11 06:35:00+00:00,0.86125,0.86129,0.86122,0.86123,68,,,,,,1,0.86122,0.86122,0.86109,,0.8609,0.86188,0.86126,0.8609,1,0.86188,0.86319,0,,,-1.0,33.67,39.8,,
2025-07-11 06:40:00+00:00,0.86123,0.86129,0.86122,0.86128,98,,,,,,1,0.86122,0.86122,0.86109,,0.8609,0.86188,0.86126,0.8609,0,0.86188,0.86319,0,,,-1.0,38.78,39.8,,
2025-07-11 06:45:00+00:00,0.86128,0.86128,0.86121,0.86122,78,,,,,,1,0.86122,0.86122,0.86109,,0.8609,0.86188,0.86126,0.8609,1,0.86188,0.86319,0,,,-1.0,32.65,39.8,,
2025-07-11 06:50:00+00:00,0.86122,0.86125,0.86118,0.86123,112,,,,,,1,0.86122,0.86122,0.86109,,0.8609,0.86188,0.86126,0.8609,1,0.86188,0.86319,0,,,-1.0,33.67,39.8,,
2025-07-11 06:55:00+00:00,0.86123,0.86124,0.86111,0.86114,125,-1.0,0.86118,0.86117,0.1,2025-07-11 07:05:00+00:00,1,0.86122,0.86122,0.86109,,0.8609,0.86188,0.86126,0.8609,1,0.86188,0.86319,0,,,-1.0,24.49,39.8,,-1.0
2025-07-11 07:00:00+00:00,0.86113,0.86117,0.86108,0.86116,96,,,,,,1,0.86117,0.86122,0.86117,,0.8609,0.86188,0.86126,0.8609,1,0.86188,0.86319,0,,,-1.0,26.53,39.8,,
2025-07-11 07:05:00+00:00,0.86116,0.86124,0.86115,0.86121,79,1.0,0.86118,0.86117,0.1,2025-07-11 07:20:00+00:00,1,0.86117,0.86122,0.86117,,0.8609,0.86188,0.86126,0.8609,1,0.86188,0.86319,0,,,-1.0,31.63,39.8,,
2025-07-11 07:10:00+00:00,0.8612,0.86125,0.86118,0.86119,116,,,,,,1,0.86118,0.86118,0.86117,,0.8609,0.86188,0.86126,0.8609,1,0.86188,0.86319,0,,,-1.0,29.59,39.8,,
2025-07-11 07:15:00+00:00,0.86119,0.86126,0.86118,0.86119,153,,,,,,1,0.86118,0.86118,0.86117,,0.8609,0.86188,0.86126,0.8609,1,0.86188,0.86319,0,,,-1.0,29.59,39.8,,
2025-07-11 07:20:00+00:00,0.86119,0.86128,0.86117,0.86123,190,,,,,,1,0.86118,0.86118,0.86117,,0.8609,0.86188,0.86126,0.8609,1,0.86188,0.86319,0,,,-1.0,33.67,39.8,,
2025-07-11 07:25:00+00:00,0.86122,0.8613,0.86122,0.86127,183,,,,,,1,0.86122,0.86122,0.86117,,0.8609,0.86188,0.86126,0.8609,0,0.86188,0.86319,0,,,-1.0,37.76,40.82,,
2025-07-11 07:30:00+00:00,0.86127,0.86133,0.86124,0.86127,255,,,,,,1,0.86124,0.86124,0.86117,,0.8609,0.86188,0.86126,0.8609,0,0.86188,0.86319,0,,,-1.0,37.76,43.88,,
2025-07-11 07:35:00+00:00,0.86127,0.86132,0.86118,0.86121,142,-1.0,0.86124,0.86122,0.2,2025-07-11 07:45:00+00:00,1,0.86124,0.86124,0.86117,,0.8609,0.86188,0.86126,0.8609,1,0.86188,0.86319,0,,,-1.0,31.63,43.88,,-1.0
2025-07-11 07:40:00+00:00,0.86121,0.86122,0.86117,0.86118,130,,,,,,1,0.86122,0.86124,0.86122,,0.8609,0.86188,0.86126,0.8609,1,0.86188,0.86319,0,,,-1.0,28.57,43.88,,
2025-07-11 07:45:00+00:00,0.86118,0.86126,0.86114,0.86123,138,,,,,,1,0.86122,0.86124,0.86122,,0.8609,0.86188,0.86126,0.8609,1,0.86188,0.86319,0,,,-1.0,33.67,43.88,,
2025-07-11 07:50:00+00:00,0.86123,0.86133,0.86122,0.86127,271,,,,,,1,0.86122,0.86124,0.86122,,0.8609,0.86188,0.86126,0.8609,0,0.86188,0.86319,0,,,-1.0,37.76,43.88,,
2025-07-11 07:55:00+00:00,0.86127,0.86135,0.86122,0.86132,193,,,,,,1,0.86122,0.86124,0.86122,,0.8609,0.86188,0.86126,0.8609,0,0.86188,0.86319,0,,,-1.0,42.86,45.92,,
2025-07-11 08:00:00+00:00,0.86132,0.86134,0.86126,0.8613,194,,,,,,1,0.86126,0.86126,0.86122,,0.8609,0.86188,0.86126,0.8609,0,0.86188,0.86319,0,,,-1.0,40.82,45.92,,
2025-07-11 08:05:00+00:00,0.86128,0.86133,0.86127,0.86132,155,,,,,,1,0.86127,0.86127,0.86122,,0.8609,0.86188,0.86126,0.8609,0,0.86188,0.86319,0,,,-1.0,42.86,45.92,,
2025-07-11 08:10:00+00:00,0.86132,0.86141,0.86129,0.86139,155,1.0,0.86137,0.86133,0.4,2025-07-11 08:25:00+00:00,1,0.86129,0.86129,0.86122,,0.8609,0.86188,0.86126,0.8609,0,0.86188,0.86319,0,,,-1.0,50.0,52.04,,
2025-07-11 08:15:00+00:00,0.86139,0.86147,0.86137,0.86143,132,,,,,,1,0.86137,0.86137,0.86122,1.0,0.8609,0.86188,0.86126,0.8609,0,0.86188,0.86319,0,,,-1.0,54.08,58.16,,
2025-07-11 08:20:00+00:00,0.86143,0.86147,0.86138,0.86139,190,,,,,,1,0.86138,0.86138,0.86122,,0.8609,0.86188,0.86126,0.8609,0,0.86188,0.86319,0,,,-1.0,50.0,58.16,,
2025-07-11 08:25:00+00:00,0.8614,0.86143,0.86133,0.86135,145,,,,,,1,0.86138,0.86138,0.86122,,0.8609,0.86188,0.86126,0.8609,0,0.86188,0.86319,0,,,-1.0,45.92,58.16,,-1.0
2025-07-11 08:30:00+00:00,0.86135,0.8614,0.86134,0.86138,104,,,,,,1,0.86138,0.86138,0.86122,,0.8609,0.86188,0.86126,0.8609,0,0.86188,0.86319,0,,,-1.0,48.98,58.16,,
2025-07-11 08:35:00+00:00,0.86138,0.86145,0.86134,0.86145,96,,,,,,1,0.86138,0.86138,0.86122,,0.8609,0.86188,0.86126,0.8609,0,0.86188,0.86319,0,,,-1.0,56.12,58.16,,
2025-07-11 08:40:00+00:00,0.86144,0.86145,0.86127,0.8613,148,-1.0,0.86134,0.8613,0.4,2025-07-11 09:00:00+00:00,1,0.86138,0.86138,0.86122,,0.8609,0.86188,0.86126,0.8609,0,0.86188,0.86319,0,,,-1.0,40.82,58.16,,-1.0
2025-07-11 08:45:00+00:00,0.8613,0.8613,0.86122,0.86125,127,,,,,,-1,0.8613,0.86138,0.8613,,0.8609,0.86188,0.86126,0.8609,1,0.86188,0.86319,0,,,-1.0,,,,
2025-07-11 08:50:00+00:00,0.86125,0.86128,0.86111,0.86112,188,-1.0,0.86122,0.86114,0.8,2025-07-11 09:00:00+00:00,-1,0.86128,0.86138,0.86128,,0.8609,0.86188,0.86126,0.8609,1,0.86188,0.86319,0,,,-1.0,,,,
2025-07-11 08:55:00+00:00,0.86113,0.86114,0.861,0.86105,192,,,,,,-1,0.86114,0.86138,0.86114,-1.0,0.8609,0.86188,0.86126,0.8609,1,0.86188,0.86319,0,,,-1.0,,,,
2025-07-11 09:00:00+00:00,0.86112,0.86191,0.86112,0.86189,367,1.0,0.86194,0.86114,8.0,,-1,0.86114,0.86138,0.86114,,0.8609,,0.86126,0.8609,0,,,0,1.0,,-1.0,,,,
2025-07-11 09:05:00+00:00,0.8619,0.8621,0.86185,0.86206,224,,,,,,1,0.86185,0.86185,0.86114,,0.8609,,0.86126,0.8609,0,,,0,,,-1.0,,,,
2025-07-11 09:10:00+00:00,0.86206,0.86234,0.86194,0.86227,217,,,,,,1,0.86194,0.86194,0.86114,,0.8609,,0.86126,0.8609,0,,,0,,1.0,1.0,,,,
2025-07-11 09:15:00+00:00,0.86228,0.86231,0.86209,0.86224,218,,,,,,1,0.86209,0.86209,0.86114,,0.8609,,0.86126,0.8609,0,,,0,,,1.0,,,,
2025-07-11 09:20:00+00:00,0.86224,0.86235,0.86214,0.86222,191,,,,,,1,0.86214,0.86214,0.86114,,0.8609,,0.86126,0.8609,0,,,0,,,1.0,,,,
2025-07-11 09:25:00+00:00,0.86222,0.86251,0.86222,0.86243,214,,,,,,1,0.86222,0.86222,0.86114,,0.8609,,0.86126,0.8609,0,,,0,,,1.0,,,,
2025-07-11 09:30:00+00:00,0.86244,0.86256,0.86235,0.86239,215,,,,,,1,0.86235,0.86235,0.86114,,0.8609,,0.86126,0.8609,0,,,0,,,1.0,,,,
2025-07-11 09:35:00+00:00,0.86239,0.86252,0.86227,0.86241,200,,,,,,1,0.86235,0.86235,0.86114,,0.8609,,0.86126,0.8609,0,,,0,,,1.0,,,,
2025-07-11 09:40:00+00:00,0.86241,0.86277,0.86241,0.86274,212,1.0,0.86266,0.86252,1.4,2025-07-11 10:40:00+00:00,1,0.86241,0.86241,0.86114,,0.8609,,0.86126,0.8609,0,,,0,,,1.0,,,,
2025-07-11 09:45:00+00:00,0.86273,0.86285,0.86266,0.86277,223,,,,,,1,0.86266,0.86266,0.86114,,0.8609,,0.86126,0.8609,0,,,0,,,1.0,,,,
2025-07-11 09:50:00+00:00,0.86277,0.86284,0.86268,0.86278,275,,,,,,1,0.86268,0.86268,0.86114,,0.8609,,0.86126,0.8609,0,,,0,,,1.0,,,,
2025-07-11 09:55:00+00:00,0.86278,0.86288,0.86259,0.86261,259,,,,,,1,0.86268,0.86268,0.86114,,0.8609,,0.86126,0.8609,0,,,0,,,1.0,,,,
2025-07-11 10:00:00+00:00,0.86261,0.86276,0.86259,0.86272,310,,,,,,1,0.86268,0.86268,0.86114,,0.8609,,0.86126,0.8609,0,,,0,,,1.0,,,,
2025-07-11 10:05:00+00:00,0.86272,0.86298,0.86272,0.86295,288,1.0,0.86301,0.86276,2.5,2025-07-11 10:30:00+00:00,1,0.86272,0.86272,0.86114,,0.8609,,0.86126,0.8609,0,,,0,,,1.0,,,,
2025-07-11 10:10:00+00:00,0.86295,0.86313,0.86285,0.86313,271,,,,,,1,0.86285,0.86285,0.86114,,0.8609,,0.86126,0.8609,0,,,0,,,1.0,,,,
2025-07-11 10:15:00+00:00,0.86315,0.86324,0.86301,0.86311,431,,,,,,1,0.86301,0.86301,0.86114,1.0,0.8609,0.86324,0.86126,0.8609,0,0.86324,0.86301,1,,,1.0,,,,
2025-07-11 10:20:00+00:00,0.86311,0.86313,0.86286,0.86291,389,-1.0,0.86301,0.86293,0.8,2025-07-11 10:55:00+00:00,1,0.86301,0.86301,0.86114,,0.8609,0.86324,0.86126,0.8609,0,0.86324,0.86301,0,,,1.0,,,,
2025-07-11 10:25:00+00:00,0.86292,0.86293,0.86281,0.86289,345,,,,,,-1,0.86293,0.86301,0.86293,,0.8609,0.86324,0.86126,0.8609,0,0.86324,0.86301,0,,,1.0,14.96,18.38,,
2025-07-11 10:30:00+00:00,0.86289,0.8629,0.86269,0.86272,276,-1.0,0.86281,0.86272,0.9,2025-07-11 10:45:00+00:00,-1,0.8629,0.86301,0.8629,,0.8609,0.86324,0.86126,0.8609,0,0.86324,0.86301,0,,,1.0,22.22,23.5,,
2025-07-11 10:35:00+00:00,0.86272,0.86272,0.86254,0.86265,215,,,,,,-1,0.86272,0.86301,0.86272,,0.8609,0.86324,0.86126,0.8609,0,0.86324,0.86301,0,,,1.0,25.21,29.91,,
2025-07-11 10:40:00+00:00,0.86265,0.86271,0.86252,0.86262,214,,,,,,-1,0.86271,0.86301,0.86271,-1.0,0.8609,0.86324,0.86126,0.8609,0,0.86324,0.86301,0,,,1.0,26.5,30.77,,
2025-07-11 10:45:00+00:00,0.86262,0.86288,0.86257,0.86285,207,1.0,0.8631,0.86271,3.9,,-1,0.86271,0.86301,0.86271,,0.8609,0.86324,0.86126,0.8609,0,0.86324,0.86301,0,,,1.0,16.67,30.77,,
2025-07-11 10:50:00+00:00,0.86285,0.86296,0.86272,0.86294,273,,,,,,1,0.86272,0.86272,0.86271,,0.8609,0.86324,0.86126,0.8609,0,0.86324,0.86301,0,,,1.0,,,,
2025-07-11 10:55:00+00:00,0.86293,0.86319,0.8629,0.86318,294,,,,,,1,0.8629,0.8629,0.86271,,0.8609,0.86324,0.86126,0.8609,0,0.86324,0.86301,1,,,1.0,,,,
2025-07-11 11:00:00+00:00,0.86319,0.86326,0.8631,0.86316,372,,,,,,1,0.8631,0.8631,0.86271,,0.8609,0.86324,0.86126,0.8609,0,0.86324,0.86301,1,,,1.0,,,,
2025-07-11 11:05:00+00:00,0.86315,0.86346,0.86315,0.86343,267,1.0,0.86336,0.86326,1.0,2025-07-11 11:20:00+00:00,1,0.86315,0.86315,0.86271,,0.86252,,0.86126,0.86252,0,,,0,1.0,,1.0,,,,
2025-07-11 11:10:00+00:00,0.86343,0.86355,0.86336,0.86343,198,,,,,,1,0.86336,0.86336,0.86271,,0.86252,,0.86126,0.86252,0,,,0,,,1.0,,,,
2025-07-11 11:15:00+00:00,0.86343,0.86344,0.86328,0.86335,274,,,,,,1,0.86336,0.86336,0.86271,,0.86252,,0.86126,0.86252,0,,,0,,,1.0,,,,
2025-07-11 11:20:00+00:00,0.86336,0.86345,0.86288,0.86289,205,-1.0,0.86328,0.86303,2.5,2025-07-11 11:30:00+00:00,1,0.86336,0.86336,0.86271,,0.86252,,0.86126,0.86252,0,,,0,,,1.0,,,,
2025-07-11 11:25:00+00:00,0.86288,0.86303,0.86283,0.86302,215,,,,,,1,0.86303,0.86336,0.86303,,0.86252,,0.86126,0.86252,0,,,0,,,1.0,,,,
2025-07-11 11:30:00+00:00,0.86301,0.86354,0.86301,0.8635,217,1.0,0.86336,0.86303,3.3,2025-07-11 12:00:00+00:00,1,0.86303,0.86336,0.86303,,0.86252,,0.86126,0.86252,0,,,0,,,1.0,,,,
2025-07-11 11:35:00+00:00,0.8635,0.86359,0.86336,0.86345,198,,,,,,1,0.86336,0.86336,0.86303,,0.86252,,0.86126,0.86252,0,,,0,,,1.0,,,,
2025-07-11 11:40:00+00:00,0.86347,0.86354,0.86341,0.8635,233,,,,,,1,0.86341,0.86341,0.86303,,0.86252,,0.86126,0.86252,0,,,0,,,1.0,,,,
2025-07-11 11:45:00+00:00,0.8635,0.86362,0.86339,0.86358,198,,,,,,1,0.86341,0.86341,0.86303,,0.86252,,0.86126,0.86252,0,,,0,,,1.0,,,,
2025-07-11 11:50:00+00:00,0.86358,0.86363,0.86317,0.86329,195,-1.0,0.86339,0.86333,0.6,,1,0.86341,0.86341,0.86303,1.0,0.86252,0.86363,0.86126,0.86252,0,0.86363,0.86341,0,,,1.0,,,,
2025-07-11 11:55:00+00:00,0.86329,0.86333,0.86307,0.86307,226,,,,,,1,0.86333,0.86341,0.86333,,0.86252,0.86363,0.86126,0.86252,0,0.86363,0.86341,0,,,1.0,,,,
2025-07-11 12:00:00+00:00,0.86307,0.86332,0.86299,0.86312,202,,,,,,1,0.86332,0.86341,0.86332,,0.86252,0.86363,0.86126,0.86252,0,0.86363,0.86341,0,,,1.0,,,,
